Key,English,Simplified_Chinese
PRODUCTION_RECIPE_NAME_PURIFIEDWATER,Purified Water,纯化水
PRODUCTION_RECIPE_NAME_WHITEREAGENT,White Reagent,白色试剂
PRODUCTION_RECIPE_NAME_BLUEREAGENT,Blue Reagent,蓝色试剂
PRODUCTION_RECIPE_NAME_REDREAGENT,Red Reagent,红色试剂
PRODUCTION_RECIPE_NAME_GREENREAGENT,Green Reagent,绿色试剂
PRODUCTION_RECIPE_NAME_YELLOWREAGENT,Yellow Reagent,黄色试剂
PRODUCTION_RECIPE_NAME_GOLDREAGENT,Gold Reagent,金色试剂
PRODUCTION_RECIPE_NAME_VITALDRINK100,VitalDrink 100,活力饮料100
PRODUCTION_RECIPE_NAME_VITALDRINK200,VitalDrink 200,活力饮料200
PRODUCTION_RECIPE_NAME_FIRSTREFRESHER,First Refresher,魔法药剂(小)
PRODUCTION_RECIPE_NAME_GRAYPILL,Gray Pill,灰色药丸
PRODUCTION_RECIPE_NAME_SECONDREFRESHER,Second Refresher,魔法药剂(中)
PRODUCTION_RECIPE_NAME_PINEOIL,Pine Oil,松油
PRODUCTION_RECIPE_NAME_VITALDRINK300,VitalDrink 300,活力饮料300
PRODUCTION_RECIPE_NAME_VITALDRINK400,VitalDrink 400,活力饮料400
PRODUCTION_RECIPE_NAME_VITALDRINK500,VitalDrink 500,活力饮料500
PRODUCTION_RECIPE_NAME_VITALDRINK600,VitalDrink 600,活力饮料600
PRODUCTION_RECIPE_NAME_VITALDRINK700,VitalDrink 700,活力饮料700
PRODUCTION_RECIPE_NAME_VITALDRINK800,VitalDrink 800,活力饮料800
PRODUCTION_RECIPE_NAME_YELLOWPILL,Yellow Pill,小黄药丸
PRODUCTION_RECIPE_NAME_BLUEPILL,Blue Pill,水蓝药丸
PRODUCTION_RECIPE_NAME_REDPILL,Red Pill,热血药丸
PRODUCTION_RECIPE_NAME_THIRDREFRESHER,Third Refresher,魔法药剂(大)
PRODUCTION_RECIPE_NAME_FOURTHREFRESHER,Fourth Refresher,强力魔法药剂(小)
PRODUCTION_RECIPE_NAME_FIFTHREFRESHER,Fifth Refresher,强力魔法药剂(中)
PRODUCTION_RECIPE_NAME_SIXTHREFRESHER,Sixth Refresher,强力魔法药剂(大)
PRODUCTION_RECIPE_NAME_SEVENTHREFRESHER,Seventh Refresher,特级魔法药剂(小)
PRODUCTION_RECIPE_NAME_EIGHTHREFRESHER,Eighth Refresher,特级魔法药剂(中)
PRODUCTION_RECIPE_NAME_VITALDRINK900,VitalDrink 900,活力饮料900
PRODUCTION_RECIPE_NAME_NINTHREFRESHER,Ninth Refresher,特级魔法药剂(大)
PRODUCTION_RECIPE_NAME_TENTHREFRESHER,Tenth Refresher,超级魔法药剂
PRODUCTION_RECIPE_NAME_GOLDPILL,Gold Pill,金闪闪药丸
PRODUCTION_RECIPE_NAME_SHININGGOLDPILL,Shining Gold Pill,闪耀金闪闪药丸
PRODUCTION_RECIPE_NAME_CONCOCTIONOFTOUGHSKIN,Concoction of Tough Skin,坚甲合剂
PRODUCTION_RECIPE_NAME_CONCOCTIONOFRISINGPOWER,Concoction of Rising Power,迸发合剂
PRODUCTION_RECIPE_NAME_POTIONOFTHETIGER,Potion of the Tiger,猛虎药剂
PRODUCTION_RECIPE_NAME_POTIONOFTHERABBIT,Potion of the Rabbit,迅兔药剂
PRODUCTION_RECIPE_NAME_POTIONOFTHEFOX,Potion of the Fox,灵狐药剂
PRODUCTION_RECIPE_NAME_POTIONOFTHELION,Potion of the Lion,雄狮药剂
PRODUCTION_RECIPE_NAME_CONCOCTIONOFACCURACY,Concoction of Accuracy,精准合剂
PRODUCTION_RECIPE_NAME_CONCOCTIONOFEVASION,Concoction of Evasion,快闪合剂
PRODUCTION_RECIPE_NAME_CONCOCTIONOFSWIFTNESS,Concoction of Swiftness,迅捷合剂
PRODUCTION_RECIPE_NAME_CONCOCTIONOFCLARITY,Concoction of Clarity,清澈合剂
PRODUCTION_RECIPE_NAME_CONCOCTIONOFRECKLESSNESS,Concoction of Recklessness,鲁莽合剂
PRODUCTION_RECIPE_NAME_CONCOCTIONOFBLEEDING,Concoction of Bleeding,狂暴合剂
PRODUCTION_RECIPE_NAME_CONCOCTIONOFSWIFTFOOTSTEPS,Concoction of Swift Footsteps,翔跃合剂
PRODUCTION_RECIPE_NAME_CONCOCTIONOFSWIFTHPRECOVERY,Concoction of Swift HP Recovery,愈合合剂
PRODUCTION_RECIPE_NAME_CONCOCTIONOFSWIFTMPRECOVERY,Concoction of Swift MP Recovery,宁神合剂
PRODUCTION_RECIPE_NAME_CONCOCTIONOFSWIFTFPRECOVERY,Concoction of Swift FP Recovery,振奋合剂
PRODUCTION_RECIPE_NAME_POWERREFRESHER,Power Refresher,魔力多
PRODUCTION_RECIPE_NAME_POWERVITALDRINK,Power Vital Drink,活力多
PRODUCTION_RECIPE_NAME_TRIMMEDNAMELESSFISH,Trimmed Nameless Fish,切好的不知名的鱼
PRODUCTION_RECIPE_NAME_TRIMMEDNAMELESSFISH2,Trimmed Nameless Fish2,切好的不知名的鱼2
PRODUCTION_RECIPE_NAME_TRIMMEDSHRIMP,Trimmed Shrimp,切好的虾
PRODUCTION_RECIPE_NAME_TRIMMEDSHRIMP2,Trimmed Shrimp2,切好的虾2
PRODUCTION_RECIPE_NAME_TRIMMEDCOD,Trimmed Cod,切好的鳕鱼
PRODUCTION_RECIPE_NAME_TRIMMEDCOD2,Trimmed Cod2,切好的鳕鱼2
PRODUCTION_RECIPE_NAME_TRIMMEDHERRING,Trimmed Herring,切好的鲱鱼
PRODUCTION_RECIPE_NAME_TRIMMEDHERRING2,Trimmed Herring2,切好的鲱鱼2
PRODUCTION_RECIPE_NAME_TRIMMEDSQUID,Trimmed Squid,切好的鱿鱼
PRODUCTION_RECIPE_NAME_TRIMMEDSQUID2,Trimmed Squid2,切好的鱿鱼2
PRODUCTION_RECIPE_NAME_TRIMMEDMACKEREL,Trimmed Mackerel,切好的鲭鱼
PRODUCTION_RECIPE_NAME_TRIMMEDMACKEREL2,Trimmed Mackerel2,切好的鲭鱼2
PRODUCTION_RECIPE_NAME_TRIMMEDEEL,Trimmed Eel,切好的鳗鱼
PRODUCTION_RECIPE_NAME_TRIMMEDEEL2,Trimmed Eel2,切好的鳗鱼2
PRODUCTION_RECIPE_NAME_TRIMMEDSALMON,Trimmed Salmon,切好的三文鱼
PRODUCTION_RECIPE_NAME_TRIMMEDSALMON2,Trimmed Salmon2,切好的三文鱼2
PRODUCTION_RECIPE_NAME_TRIMMEDTUNA,Trimmed Tuna,切好的金枪鱼
PRODUCTION_RECIPE_NAME_TRIMMEDTUNA2,Trimmed Tuna2,切好的金枪鱼2
PRODUCTION_RECIPE_NAME_CHEESE,Cheese,奶酪
PRODUCTION_RECIPE_NAME_TOMATOSAUCE,Tomato Sauce,番茄酱
PRODUCTION_RECIPE_NAME_BREADDOUGH,Bread Dough,面包面团
PRODUCTION_RECIPE_NAME_BUTTER,Butter,黄油
PRODUCTION_RECIPE_NAME_MAYONNAISE,Mayonnaise,蛋黄酱
PRODUCTION_RECIPE_NAME_COOKEDRICE,Cooked Rice,米饭
PRODUCTION_RECIPE_NAME_FISHSAUCE,Fish Sauce,鱼露
PRODUCTION_RECIPE_NAME_LOLLIPOP,Lollipop,棒棒糖
PRODUCTION_RECIPE_NAME_MEATSKEWER,Meat Skewer,肉串
PRODUCTION_RECIPE_NAME_BISCUIT,Biscuit,饼干
PRODUCTION_RECIPE_NAME_FISHBALL,Fish Ball,鱼丸
PRODUCTION_RECIPE_NAME_SEAFOODPANCAKE,Seafood Pancake,海鲜煎饼
PRODUCTION_RECIPE_NAME_FISHSOUP,Fish Soup,海鲜汤
PRODUCTION_RECIPE_NAME_ROLLBREAD,Roll Bread,面包
PRODUCTION_RECIPE_NAME_SAUSAGECASSEROLE,Sausage Casserole,火锅
PRODUCTION_RECIPE_NAME_HOTDOG,Hot Dog,热狗
PRODUCTION_RECIPE_NAME_FISHSTEW,Fish Stew,海鲜炖汤
PRODUCTION_RECIPE_NAME_PIZZA,Pizza,馅饼
PRODUCTION_RECIPE_NAME_STEAMEDSEAFOOD,Steamed Seafood,海鲜
PRODUCTION_RECIPE_NAME_GRILLEDMACKEREL,Grilled Mackerel,烤鲭鱼
PRODUCTION_RECIPE_NAME_CHICKENSTICK,Chicken Stick,鸡腿
PRODUCTION_RECIPE_NAME_FRIEDSQUID,Fried Squid,炸鱿鱼
PRODUCTION_RECIPE_NAME_STARCANDY,Star Candy,星星糖
PRODUCTION_RECIPE_NAME_FISHCUTLET,Fish Cutlet,鱼排
PRODUCTION_RECIPE_NAME_MEATSALAD,Meat Salad,肉沙拉
PRODUCTION_RECIPE_NAME_SEAFOODPIZZA,Seafood Pizza,海鲜披萨
PRODUCTION_RECIPE_NAME_FRIEDSHRIMP,Fried Shrimp,炸虾
PRODUCTION_RECIPE_NAME_SHRIMPFRIEDRICE,Shrimp Fried Rice,虾仁炒饭
PRODUCTION_RECIPE_NAME_GRATIN,Gratin,浓汤
PRODUCTION_RECIPE_NAME_CORALISLANDCURRY,Coral Island Curry,风味咖喱
PRODUCTION_RECIPE_NAME_TUNASUSHI,Tuna Sushi,金枪寿司
PRODUCTION_RECIPE_NAME_REDFISHBALL,Red Fish Ball,红色鱼丸
PRODUCTION_RECIPE_NAME_BLUEFISHBALL,Blue Fish Ball,蓝色鱼丸
PRODUCTION_RECIPE_NAME_GREENFISHBALL,Green Fish Ball,绿色鱼丸
PRODUCTION_RECIPE_NAME_PURPLEFISHBALL,Purple Fish Ball,紫色鱼丸
PRODUCTION_RECIPE_NAME_RAINBOWFISHBALL,Rainbow Fish Ball,彩虹鱼丸
PRODUCTION_RECIPE_NAME_ORANGEFISHBALL,Orange Fish Ball,橙色鱼丸
PRODUCTION_RECIPE_NAME_SKYBLUEFISHBALL,Sky Blue Fish Ball,天蓝色鱼丸
PRODUCTION_RECIPE_NAME_YELLOWFISHBALL,Yellow Fish Ball,黄色鱼丸
PRODUCTION_RECIPE_NAME_PINKFISHBALL,Pink Fish Ball,粉色鱼丸
PRODUCTION_RECIPE_NAME_GREYFISHBALL,Grey Fish Ball,灰色鱼丸
PRODUCTION_RECIPE_NAME_WHITEFISHBALL,White Fish Ball,白色鱼丸
PRODUCTION_RECIPE_NAME_PICKLEDHERRING,Pickled Herring,腌鲱鱼
PRODUCTION_RECIPE_NAME_SALMONSTEAK,Salmon Steak,三文鱼排
PRODUCTION_RECIPE_NAME_FISHSANDWICH,Fish Sandwich,鱼肉三明治
PRODUCTION_RECIPE_NAME_GRILLEDSALTEDEEL,Grilled Salted Eel,烤咸鳗鱼
PRODUCTION_RECIPE_NAME_PLYWOOD,Plywood,胶合板
PRODUCTION_RECIPE_NAME_RESIN,Resin,树脂
PRODUCTION_RECIPE_NAME_FINISHINGMATERIAL,Finishing Material,抛光涂料
PRODUCTION_RECIPE_NAME_CEDARHARDWOOD,Cedar Hardwood,雪松硬木
PRODUCTION_RECIPE_NAME_CHERRYHARDWOOD,Cherry Hardwood,樱桃硬木
PRODUCTION_RECIPE_NAME_PINEHARDWOOD,Pine Hardwood,松木硬木
PRODUCTION_RECIPE_NAME_MAPLEHARDWOOD,Maple Hardwood,枫木硬木
PRODUCTION_RECIPE_NAME_OAKHARDWOOD,Oak Hardwood,橡木硬木
PRODUCTION_RECIPE_NAME_WALNUTHARDWOOD,Walnut Hardwood,胡桃硬木
PRODUCTION_RECIPE_NAME_TEAKHARDWOOD,Teak Hardwood,柚木硬木
PRODUCTION_RECIPE_NAME_EBONYHARDWOOD,Ebony Hardwood,乌木硬木
PRODUCTION_RECIPE_NAME_MAHOGANYHARDWOOD,Mahogany Hardwood,红木硬木
PRODUCTION_RECIPE_NAME_REDPAINT,Red Paint,红色油漆
PRODUCTION_RECIPE_NAME_BLUEPAINT,Blue Paint,蓝色油漆
PRODUCTION_RECIPE_NAME_YELLOWPAINT,Yellow Paint,黄色油漆
PRODUCTION_RECIPE_NAME_GREENPAINT,Green Paint,绿色油漆
PRODUCTION_RECIPE_NAME_BLACKPAINT,Black Paint,黑色油漆
PRODUCTION_RECIPE_NAME_WHITEPAINT,White Paint,白色油漆
PRODUCTION_RECIPE_NAME_GOLDPAINT,Gold Paint,金色油漆
PRODUCTION_RECIPE_NAME_WOODENCHAIR,Wooden Chair,实木椅
PRODUCTION_RECIPE_NAME_WOODENTABLE,Wooden Table,实木桌
PRODUCTION_RECIPE_NAME_WOODENDRAWER,Wooden Drawer,实木抽屉柜
PRODUCTION_RECIPE_NAME_WOODENBOOKCASE,Wooden Bookcase,实木书柜
PRODUCTION_RECIPE_NAME_WOODENSOFA,Wooden Sofa,实木沙发
PRODUCTION_RECIPE_NAME_WOODENYELLOWCHAIR,Wooden Yellow Chair,黄色实木椅
PRODUCTION_RECIPE_NAME_WOODENYELLOWTABLE,Wooden Yellow Table,黄色实木桌
PRODUCTION_RECIPE_NAME_WOODENYELLOWDRESSINGTABLE,Wooden Yellow Dressing Table,黄色实木梳妆台
PRODUCTION_RECIPE_NAME_WOODENYELLOWCLOSET,Wooden Yellow Closet,黄色实木衣柜
PRODUCTION_RECIPE_NAME_WOODENYELLOWBENCH,Wooden Yellow Bench,黄色实木长椅
PRODUCTION_RECIPE_NAME_WOODENYELLOWCABINET,Wooden Yellow Cabinet,黄色实木橱柜
PRODUCTION_RECIPE_NAME_WOODENYELLOWBED,Wooden Yellow Bed,黄色实木床
PRODUCTION_RECIPE_NAME_WOODENBLUECHAIR,Wooden Blue Chair,蓝色实木椅
PRODUCTION_RECIPE_NAME_WOODENBLUETABLE,Wooden Blue Table,蓝色实木桌
PRODUCTION_RECIPE_NAME_WOODENBLUEDRESSINGTABLE,Wooden Blue Dressing Table,蓝色实木梳妆台
PRODUCTION_RECIPE_NAME_WOODENBLUECLOSET,Wooden Blue Closet,蓝色实木衣柜
PRODUCTION_RECIPE_NAME_WOODENBLUEBENCH,Wooden Blue Bench,蓝色实木长椅
PRODUCTION_RECIPE_NAME_WOODENBLUECABINET,Wooden Blue Cabinet,蓝色实木橱柜
PRODUCTION_RECIPE_NAME_WOODENBLUEBED,Wooden Blue Bed,蓝色实木床
PRODUCTION_RECIPE_NAME_WOODENREDCHAIR,Wooden Red Chair,红色实木椅
PRODUCTION_RECIPE_NAME_WOODENREDTABLE,Wooden Red Table,红色实木桌
PRODUCTION_RECIPE_NAME_WOODENREDDRESSINGTABLE,Wooden Red Dressing Table,红色实木梳妆台
PRODUCTION_RECIPE_NAME_WOODENREDCLOSET,Wooden Red Closet,红色实木衣柜
PRODUCTION_RECIPE_NAME_WOODENREDBENCH,Wooden Red Bench,红色实木长椅
PRODUCTION_RECIPE_NAME_WOODENREDCABINET,Wooden Red Cabinet,红色实木橱柜
PRODUCTION_RECIPE_NAME_WOODENREDBED,Wooden Red Bed,红色实木床
PRODUCTION_RECIPE_NAME_MUSICCHAIR,Music Chair,音乐风椅
PRODUCTION_RECIPE_NAME_MUSICTABLE,Music Table,音乐风桌
PRODUCTION_RECIPE_NAME_MUSICDRESSINGTABLE,Music Dressing Table,音乐风梳妆台
PRODUCTION_RECIPE_NAME_MUSICWARDROBE,Music Wardrobe,音乐风衣柜
PRODUCTION_RECIPE_NAME_MUSICSOFA,Music Sofa,音乐风沙发
PRODUCTION_RECIPE_NAME_MUSICCABINET,Music Cabinet,音乐风橱柜
PRODUCTION_RECIPE_NAME_MUSICBED,Music Bed,音乐风床
PRODUCTION_RECIPE_NAME_MODERNCHAIR,Modern Chair,摩登椅
PRODUCTION_RECIPE_NAME_MODERNTABLE,Modern Table,摩登桌
PRODUCTION_RECIPE_NAME_MODERNDRESSINGTABLE,Modern Dressing Table,摩登梳妆台
PRODUCTION_RECIPE_NAME_MODERNWARDROBE,Modern Wardrobe,摩登衣柜
PRODUCTION_RECIPE_NAME_MODERNSOFA,Modern Sofa,摩登沙发
PRODUCTION_RECIPE_NAME_MODERNCABINET,Modern Cabinet,摩登橱柜
PRODUCTION_RECIPE_NAME_MODERNBED,Modern Bed,摩登床
PRODUCTION_RECIPE_NAME_DESIGNBLACKCHAIR,Design Black Chair,富有设计的黑色椅子
PRODUCTION_RECIPE_NAME_DESIGNWHITECHAIR,Design White Chair,富有设计的白色椅子
PRODUCTION_RECIPE_NAME_DESIGNTABLE,Design Table,富有设计的桌子
PRODUCTION_RECIPE_NAME_DESIGNDRAWER,Design Drawer,富有设计的抽屉柜
PRODUCTION_RECIPE_NAME_DESIGNBOOKCASE,Design Bookcase,富有设计的书柜
PRODUCTION_RECIPE_NAME_DESIGNSOFA,Design Sofa,富有设计的沙发
PRODUCTION_RECIPE_NAME_HEARTCHAIR,Heart Chair,心形椅
PRODUCTION_RECIPE_NAME_HEARTTABLE,Heart Table,心形桌
PRODUCTION_RECIPE_NAME_HEARTDRESSINGTABLE,Heart Dressing Table,心形梳妆台
PRODUCTION_RECIPE_NAME_HEARTWARDROBE,Heart Wardrobe,心形衣柜
PRODUCTION_RECIPE_NAME_HEARTSOFA,Heart Sofa,心形沙发
PRODUCTION_RECIPE_NAME_HEARTCABINET,Heart Cabinet,心形橱柜
PRODUCTION_RECIPE_NAME_HEARTBED,Heart Bed,心形床
PRODUCTION_RECIPE_NAME_CUSHIONCHAIR,Cushion Chair,靠垫椅
PRODUCTION_RECIPE_NAME_COMMANDDESK,Antique Desk,古典书桌
PRODUCTION_RECIPE_NAME_COMMANDPLATFORM,Command Platform,指挥台
PRODUCTION_RECIPE_NAME_SMALLTABLE,Small Table,小型桌
PRODUCTION_RECIPE_NAME_DRAWER,Drawer,抽屉柜
PRODUCTION_RECIPE_NAME_TWINBED,Twin Bed,双人床
PRODUCTION_RECIPE_NAME_ROYALCHAIR,Royal Chair,皇室椅
PRODUCTION_RECIPE_NAME_ROYALTABLE,Royal Table,皇室桌
PRODUCTION_RECIPE_NAME_ROYALDRESSINGTABLE,Royal Dressing Table,皇室梳妆台
PRODUCTION_RECIPE_NAME_ROYALWARDROBE,Royal Wardrobe,皇室衣柜
PRODUCTION_RECIPE_NAME_ROYALSOFA,Royal Sofa,皇室沙发
PRODUCTION_RECIPE_NAME_ROYALBED,Royal Bed,皇室床
PRODUCTION_RECIPE_NAME_ROYALDRAWER,Royal Drawer,皇室抽屉柜
PRODUCTION_RECIPE_NAME_ROYALBOOKCASE,Royal Bookcase,皇室书柜
PRODUCTION_RECIPE_NAME_ROYALDESK,Royal Desk,皇室桌
PRODUCTION_RECIPE_NAME_ROYALBATH,Royal Bath,皇室浴缸
PRODUCTION_RECIPE_NAME_GOLDENROYALCHAIR,Golden Royal Chair,金色皇家椅
PRODUCTION_RECIPE_NAME_GOLDENROYALTABLE,Golden Royal Table,金色皇家桌
PRODUCTION_RECIPE_NAME_GOLDENROYALDRESSINGTABLE,Golden Royal Dressing Table,金色皇家梳妆台
PRODUCTION_RECIPE_NAME_GOLDENROYALWARDROBE,Golden Royal Wardrobe,金色皇家衣柜
PRODUCTION_RECIPE_NAME_GOLDENROYALSOFA,Golden Royal Sofa,金色皇家沙发
PRODUCTION_RECIPE_NAME_GOLDENROYALBED,Golden Royal Bed,金色皇家床
PRODUCTION_RECIPE_NAME_GOLDENROYALDRAWER,Golden Royal Drawer,金色皇家抽屉柜
PRODUCTION_RECIPE_NAME_GOLDENROYALBOOKCASE,Golden Royal Bookcase,金色皇家书柜
PRODUCTION_RECIPE_NAME_GOLDENROYALDESK,Golden Royal Desk,金色皇家桌
PRODUCTION_RECIPE_NAME_GOLDENROYALBATH,Golden Royal Bath,金色皇家浴缸
PRODUCTION_RECIPE_NAME_ALCHEMYDESK,Alchemy Desk,炼金桌
PRODUCTION_RECIPE_NAME_HEARTH,Hearth,火炉
PRODUCTION_RECIPE_NAME_CARPENTRYWORKSPACE,Carpentry Workspace,木匠台
PRODUCTION_RECIPE_NAME_SMITHINGWORKSPACE,Smithing Workspace,锻造台
PRODUCTION_RECIPE_NAME_JEWELPOWDER,Jewel Powder,宝石粉末
PRODUCTION_RECIPE_NAME_MARBLE,Marble,大理石
PRODUCTION_RECIPE_NAME_CRYSTAL,Crystal,水晶
PRODUCTION_RECIPE_NAME_POLISHEDTURQUOISE,Polished Turquoise,抛光绿松石
PRODUCTION_RECIPE_NAME_BRONZE,Bronze,青铜
PRODUCTION_RECIPE_NAME_MALACHITE,Malachite,孔雀石
PRODUCTION_RECIPE_NAME_POLISHEDJADE,Polished Jade,抛光玉
PRODUCTION_RECIPE_NAME_POLISHEDSILVER,Polished Silver,抛光银
PRODUCTION_RECIPE_NAME_POLISHEDGOLD,Polished Gold,抛光金
PRODUCTION_RECIPE_NAME_POLISHEDPLATINUM,Polished Platinum,抛光铂金
PRODUCTION_RECIPE_NAME_POLISHEDDIAMOND,Polished Diamond,抛光钻石
PRODUCTION_RECIPE_NAME_GLASS,Glass,玻璃
PRODUCTION_RECIPE_NAME_IMITATIONPEARL,Imitation Pearl,人造珍珠
PRODUCTION_RECIPE_NAME_FLASK,Flask,烧瓶
PRODUCTION_RECIPE_NAME_HINGE,Hinge,铰链
PRODUCTION_RECIPE_NAME_SPRING,Spring,弹簧
PRODUCTION_RECIPE_NAME_GOLDENSPHERE,Golden Sphere,金球
PRODUCTION_RECIPE_NAME_JEWELSTRING,Jewel String,宝石线
PRODUCTION_RECIPE_NAME_SILVERWORK,Silverwork,银饰
PRODUCTION_RECIPE_NAME_GOLDWORK,Goldwork,金饰
PRODUCTION_RECIPE_NAME_SPINNINGGLOBE,Spinning Globe,地球仪
PRODUCTION_RECIPE_NAME_CHANDELIER,Chandelier,吊灯
PRODUCTION_RECIPE_NAME_MIRROR,Mirror,镜子
PRODUCTION_RECIPE_NAME_SILVERWORKOFATTACK,Silverwork of Attack,力量银饰
PRODUCTION_RECIPE_NAME_SILVERWORKOFDEFENSE,Silverwork of Defense,防御银饰
PRODUCTION_RECIPE_NAME_GOLDWORKOFATTACK,Goldwork of Attack,力量金饰
PRODUCTION_RECIPE_NAME_GOLDWORKOFMAGICATTACK,Goldwork of Magic Attack,狂魔金饰
PRODUCTION_RECIPE_NAME_GOLDWORKOFDEFENSE,Goldwork of Defense,防御金饰
PRODUCTION_RECIPE_NAME_GOLDWORKOFMAGICRESISTANCE,Goldwork of Magic Resistance,御魔金饰
PRODUCTION_RECIPE_NAME_CUTJADEOFFIREATTACK,Cut Jade of Fire Attack,蹈火玉石
PRODUCTION_RECIPE_NAME_CUTJADEOFWATERATTACK,Cut Jade of Water Attack,碧波玉石
PRODUCTION_RECIPE_NAME_CUTJADEOFWINDATTACK,Cut Jade of Wind Attack,风驰玉石
PRODUCTION_RECIPE_NAME_CUTJADEOFEARTHATTACK,Cut Jade of Earth Attack,泥沙玉石
PRODUCTION_RECIPE_NAME_CUTJADEOFLIGHTNINGATTACK,Cut Jade of Lightning Attack,电掣玉石
PRODUCTION_RECIPE_NAME_CUTJADEOFFIREDEFENSE,Cut Jade of Fire Defense,蹈火玉器
PRODUCTION_RECIPE_NAME_CUTJADEOFWATERDEFENSE,Cut Jade of Water Defense,碧波玉器
PRODUCTION_RECIPE_NAME_CUTJADEOFWINDDEFENSE,Cut Jade of Wind Defense,风驰玉器
PRODUCTION_RECIPE_NAME_CUTJADEOFEARTHDEFENSE,Cut Jade of Earth Defense,泥沙玉器
PRODUCTION_RECIPE_NAME_CUTJADEOFLIGHTNINGDEFENSE,Cut Jade of Lightning Defense,电掣玉器
PRODUCTION_RECIPE_NAME_VIGORRING,Vigor Ring,力量戒指
PRODUCTION_RECIPE_NAME_STAMRING,Stam Ring,体质戒指
PRODUCTION_RECIPE_NAME_AREKRING,Arek Ring,敏捷戒指
PRODUCTION_RECIPE_NAME_INTELIRING,Inteli Ring,智力戒指
PRODUCTION_RECIPE_NAME_PLUGEARRING,Plug Earring,金刚耳环
PRODUCTION_RECIPE_NAME_DEMOLEARRING,Demol Earring,白银耳环
PRODUCTION_RECIPE_NAME_GORENECKLACE,Gore Necklace,生命女神项链
PRODUCTION_RECIPE_NAME_MENTALNECKLACE,Mental Necklace,魔力之源项链
PRODUCTION_RECIPE_NAME_PEISIONNECKLACE,Peision Necklace,活力之源项链
PRODUCTION_RECIPE_NAME_MIGHTEER,Mighteer,战神耳环
PRODUCTION_RECIPE_NAME_PENZERU,Penzeru,天衣耳环
PRODUCTION_RECIPE_NAME_SPEEDO,Speedo,虚幻耳环
PRODUCTION_RECIPE_NAME_PEP,Pep,血脉项链
PRODUCTION_RECIPE_NAME_SOCECLE,Socecle,魔力之钥项链
PRODUCTION_RECIPE_NAME_ENDUKY,Enduky,冰晶活力项链
PRODUCTION_RECIPE_NAME_STRENTE,Strente,神力戒指
PRODUCTION_RECIPE_NAME_INTIRET,Intiret,神意戒指
PRODUCTION_RECIPE_NAME_DEXION,Dexion,风神戒指
PRODUCTION_RECIPE_NAME_HANDCRAFTEDSILVERRING,Handcrafted Silver Ring,手工银戒
PRODUCTION_RECIPE_NAME_HANDCRAFTEDGOLDRING,Handcrafted Gold Ring,特制金戒
PRODUCTION_RECIPE_NAME_HANDCRAFTEDPLATINUMRING,Handcrafted Platinum Ring,特制铂金戒
PRODUCTION_RECIPE_NAME_HANDCRAFTEDDIAMONDRING,Handcrafted Diamond Ring,特制钻戒
