Key,English
PROPSKILL_TXT_000309,
PROPSKILL_TXT_000000,Clean Hit
PROPSKILL_TXT_000001,"A powerful, downward strike."
PROPSKILL_TXT_000002,Flurry
PROPSKILL_TXT_000003,A rapid stabbing attack.
PROPSKILL_TXT_000004,Over Cutter
PROPSKILL_TXT_000005,A powerful upward finishing move.
PROPSKILL_TXT_000006,Slash
PROPSKILL_TXT_000007,Strikes the enemy twice in rapid succession.
PROPSKILL_TXT_000008,Keenwheel
PROPSKILL_TXT_000009,A continuous spinning attack.
PROPSKILL_TXT_000010,Blindside
PROPSKILL_TXT_000011,A spinning finishing move that may stun the enemy.
PROPSKILL_TXT_000012,Protection
PROPSKILL_TXT_000013,Draws out the wielded shield's power to increase defense against physical attacks and significantly increase Ranged Block.
PROPSKILL_TXT_000014,Pan Barrier
PROPSKILL_TXT_000015,Significantly increases Ranged Block.
PROPSKILL_TXT_000016,Blazing Sword
PROPSKILL_TXT_000017,Increases accuracy and enhances the power of the wielded sword.
PROPSKILL_TXT_000018,Smite Axe
PROPSKILL_TXT_000019,Increases accuracy and enhances the power of the wielded axe.
PROPSKILL_TXT_000020,Empower Weapon
PROPSKILL_TXT_000021,Enhances the weapon's elemental power.
PROPSKILL_TXT_000022,Bloody Strike
PROPSKILL_TXT_000024,Sword Mastery
PROPSKILL_TXT_000025,Enhances the power of the wielded sword.
PROPSKILL_TXT_000026,Axe Mastery
PROPSKILL_TXT_000027,Enhances the power of the wielded axe.
PROPSKILL_TXT_000028,Special Hit
PROPSKILL_TXT_000029,A single powerful strike that hits all enemies around you.
PROPSKILL_TXT_000030,Guillotine
PROPSKILL_TXT_000031,A powerful ranged attack.
PROPSKILL_TXT_000032,Sneaker
PROPSKILL_TXT_000033,"Traps the enemy in a net, immobilizing them."
PROPSKILL_TXT_000034,Reflex Hit
PROPSKILL_TXT_000035,Absorbs an incoming attack and strikes an enemy with the absorbed damage.
PROPSKILL_TXT_000036,Guard
PROPSKILL_TXT_000037,Reduces all incoming damage from enemies at the cost of attack power.
PROPSKILL_TXT_000038,Pain Reflection
PROPSKILL_TXT_000039,Reflects a portion of the damage received back at the enemy.
PROPSKILL_TXT_000040,Rage
PROPSKILL_TXT_000041,Increases striking power but makes you more vulnerable to all incoming attacks.
PROPSKILL_TXT_000042,Power Swing
PROPSKILL_TXT_000043,Swings the weapon to strike surrounding enemies and push them back. Requires a two-handed weapon.
PROPSKILL_TXT_000044,Earth Divider
PROPSKILL_TXT_000045,A powerful downward strike that may reduce HP Restoration on the target. Requires a two-handed weapon.
PROPSKILL_TXT_000046,Charge
PROPSKILL_TXT_000047,A powerful upward strike that stuns the enemy. Requires a two-handed weapon.
PROPSKILL_TXT_000048,Pain Dealer
PROPSKILL_TXT_000049,A powerful downward strike that lowers the defense of the target. Requires a two-handed weapon.
PROPSKILL_TXT_000050,Power Stomp
PROPSKILL_TXT_000051,"Pounds the ground, hitting surrounding enemies with a chance to stun them. Requires a two-handed weapon."
PROPSKILL_TXT_000052,Cross Strike
PROPSKILL_TXT_000053,A powerful dual-weapon strike that knocks down the enemy.
PROPSKILL_TXT_000054,Armor Penetrate
PROPSKILL_TXT_000055,Strikes the enemy and lowers their block rate.
PROPSKILL_TXT_000056,Silent Strike
PROPSKILL_TXT_000057,"Pounces on the enemy from afar, stunning them. Requires two weapons."
PROPSKILL_TXT_000058,Blade Dance
PROPSKILL_TXT_000059,Rapidly strikes surrounding enemies twice with both weapons. Requires two weapons.
PROPSKILL_TXT_000060,Spring Attack
PROPSKILL_TXT_000061,"Strikes the enemy multiple times, with each hit having a chance to deal double damage. Requires two weapons."
PROPSKILL_TXT_000062,Hawk Attack
PROPSKILL_TXT_000063,A powerful downward strike that lowers the accuracy of the target. Requires two weapons.
PROPSKILL_TXT_000064,Sonic Blade
PROPSKILL_TXT_000065,A powerful slashing attack that hits all surrounding enemies. Requires two weapons.
PROPSKILL_TXT_000066,Berserk
PROPSKILL_TXT_000067,Increases Attack Speed and striking power at the cost of reduced skill damage.
PROPSKILL_TXT_000068,Heal
PROPSKILL_TXT_000069,Recovers the target's HP.
PROPSKILL_TXT_000070,Temping Hole
PROPSKILL_TXT_000071,A powerful straight punch.
PROPSKILL_TXT_000072,Resurrection
PROPSKILL_TXT_000073,Resurrects a dead player.
PROPSKILL_TXT_000074,Patience
PROPSKILL_TXT_000075,Increases the target's maximum HP.
PROPSKILL_TXT_000076,Prevention
PROPSKILL_TXT_000077,Automatically recovers your HP when it falls below a certain threshold.
PROPSKILL_TXT_000078,Heap Up
PROPSKILL_TXT_000079,Increases the target's STA.
PROPSKILL_TXT_000080,Cannon Ball
PROPSKILL_TXT_000081,Increases the target's DEX.
PROPSKILL_TXT_000082,Circle Healing
PROPSKILL_TXT_000083,Heals nearby party members.
PROPSKILL_TXT_000084,Mental Sign
PROPSKILL_TXT_000085,Increases the target's INT.
PROPSKILL_TXT_000086,Beef Up
PROPSKILL_TXT_000087,Increases the target's STR.
PROPSKILL_TXT_000088,Burst Crack
PROPSKILL_TXT_000089,"Pounds the ground, damaging enemies around you."
PROPSKILL_TXT_000090,Stonehand
PROPSKILL_TXT_000091,Grants all attacks a chance to stun.
PROPSKILL_TXT_000092,Quick Step
PROPSKILL_TXT_000093,Increases the target's movement speed.
PROPSKILL_TXT_000094,Cat's Reflex
PROPSKILL_TXT_000095,Increases the target's block rate.
PROPSKILL_TXT_000096,Accuracy
PROPSKILL_TXT_000097,Increases the target's accuracy.
PROPSKILL_TXT_000098,Power Fist
PROPSKILL_TXT_000099,Strikes the enemy three times with concentrated power.
PROPSKILL_TXT_000100,Haste
PROPSKILL_TXT_000101,Increases the target's Attack Speed and Casting Speed.
PROPSKILL_TXT_000102,Heal Rain
PROPSKILL_TXT_000103,Heals nearby party members with powerful restorative energy.
PROPSKILL_TXT_000104,Holycross
PROPSKILL_TXT_000105,Causes the next hit against the target to deal double damage.
PROPSKILL_TXT_000106,Protect
PROPSKILL_TXT_000107,Increases the target's Defense and Magic Resistance.
PROPSKILL_TXT_000108,Holyguard
PROPSKILL_TXT_000109,Protects the target from incoming critical hits for a limited time.
PROPSKILL_TXT_000110,Spirit Fortune
PROPSKILL_TXT_000112,Gvur Tialla
PROPSKILL_TXT_000113,Removes debuffs from the target.
PROPSKILL_TXT_000114,Geburah Tiphreth
PROPSKILL_TXT_000115,"Draws upon the inner strength of the user and nearby party members, increasing Attack, Attack Speed and Casting Speed for a limited time."
PROPSKILL_TXT_000116,Merkaba Hanzelrusha
PROPSKILL_TXT_000117,Summons a lingering effect that deals damage over time to enemies within its area.
PROPSKILL_TXT_000118,Belial Smashing
PROPSKILL_TXT_000119,Strikes the enemy with five powerful blows.
PROPSKILL_TXT_000120,Piercing Serpent
PROPSKILL_TXT_000121,Fires a piercing beam at the enemy.
PROPSKILL_TXT_000122,Blood Fist
PROPSKILL_TXT_000123,Strikes the enemy with a heavy blow that causes bleeding.
PROPSKILL_TXT_000124,Sonichand
PROPSKILL_TXT_000125,"A fast, straight punch."
PROPSKILL_TXT_000126,Asmodeus
PROPSKILL_TXT_000127,Enhances the power of the wielded knuckle.
PROPSKILL_TXT_000128,Baraqijal Esna
PROPSKILL_TXT_000129,Increases damage dealt to the target while also increasing their Attack.
PROPSKILL_TXT_000130,Bgvur Tialbold
PROPSKILL_TXT_000131,Strikes nearby enemies with an outward shockwave.
PROPSKILL_TXT_000132,Asalraalaikum
PROPSKILL_TXT_000133,A fully concentrated strike. Always consumes 100% MP.
PROPSKILL_TXT_000134,Flame Ball
PROPSKILL_TXT_000135,Strikes the enemy with a ball of flame that may reduce the target's HP Restoration.
PROPSKILL_TXT_000136,Flame Geyser
PROPSKILL_TXT_000137,"Engulfs the enemy in a geyser of flame, dealing damage over time."
PROPSKILL_TXT_000138,Swordwind
PROPSKILL_TXT_000140,Strongwind
PROPSKILL_TXT_000141,A ranged wind attack that pushes the enemy back.
PROPSKILL_TXT_000142,Blinkpool
PROPSKILL_TXT_000143,Teleports you to a target point within range.
PROPSKILL_TXT_000144,Ice Missile
PROPSKILL_TXT_000145,Blasts the enemy with a missile of ice that may reduce the target's speed.
PROPSKILL_TXT_000146,Lightning Ball
PROPSKILL_TXT_000147,Damages the enemy with a ball of static that may reduce the target's defense.
PROPSKILL_TXT_000148,Stone Spike
PROPSKILL_TXT_000149,Damages the enemy with a stone spike that may stun.
PROPSKILL_TXT_000150,Mental Strike
PROPSKILL_TXT_000151,A medium-ranged mental attack.
PROPSKILL_TXT_000152,Fire Strike
PROPSKILL_TXT_000153,"Blasts the enemy with a ball of fire, setting them ablaze and making them more susceptible to water attacks."
PROPSKILL_TXT_000154,Wind Cutter
PROPSKILL_TXT_000155,"Slices the enemy with cutting winds, leaving them exposed and more susceptible to fire attacks."
PROPSKILL_TXT_000156,Waterball
PROPSKILL_TXT_000157,A water attack that shoots multiple water orbs at the target.
PROPSKILL_TXT_000158,Water Well
PROPSKILL_TXT_000159,"Soaks the enemy with rushing water, making them more susceptible to electricity attacks."
PROPSKILL_TXT_000160,Lightning Ram
PROPSKILL_TXT_000161,Damages the enemy with an electric ball.
PROPSKILL_TXT_000162,Lightning Shock
PROPSKILL_TXT_000163,"Blasts the enemy with a ball of lightning, electrifying them and making them more susceptible to earth attacks."
PROPSKILL_TXT_000164,Rock Crash
PROPSKILL_TXT_000165,"Crushes the enemy with a massive stone, making them more susceptible to wind attacks."
PROPSKILL_TXT_000166,Rooting
PROPSKILL_TXT_000167,"Binds the enemy with roots, immobilizing them."
PROPSKILL_TXT_000168,Demonology
PROPSKILL_TXT_000169,Damages the enemy with a mental blast that reduces their Attack.
PROPSKILL_TXT_000170,Satanology
PROPSKILL_TXT_000172,Psychic Bomb
PROPSKILL_TXT_000173,Damages the enemy with a ball of mental energy.
PROPSKILL_TXT_000174,Psychic Wall
PROPSKILL_TXT_000175,"Conjures a mystic wall at your location. On enemy contact, the wall pushes them back, reduces their movement speed, and deals minor damage."
PROPSKILL_TXT_000176,Spirit Bomb
PROPSKILL_TXT_000177,Damages the enemy through the power of your mind.
PROPSKILL_TXT_000178,Crucio Spell
PROPSKILL_TXT_000179,Reflects damage from the enemy's basic attacks. Less effective in PvP.
PROPSKILL_TXT_000180,Maximum Crisis
PROPSKILL_TXT_000181,"Unleashes a powerful mental explosion that damages surrounding enemies, with a small chance to stun."
PROPSKILL_TXT_000182,Psychic Square
PROPSKILL_TXT_000183,Damages the target enemy and enemies surrounding them with a psychic blast.
PROPSKILL_TXT_000184,Firebird
PROPSKILL_TXT_000185,Launches a fiery projectile that engulfs the enemy in towering flames.
PROPSKILL_TXT_000186,Fire Mastery
PROPSKILL_TXT_000187,Enhances the power of Fire spells.
PROPSKILL_TXT_000190,Lightning Strike
PROPSKILL_TXT_000191,Calls down a devastating bolt of lightning upon the enemy.
PROPSKILL_TXT_000192,Lightning Mastery
PROPSKILL_TXT_000193,Enhances the power of Electric spells.
PROPSKILL_TXT_000194,Electric Shock
PROPSKILL_TXT_000195,"Unleashes converging bolts of electricity that surge around surrounding enemies, damaging them and reducing their Magic Resistance."
PROPSKILL_TXT_000196,Stone Spear
PROPSKILL_TXT_000197,"Hurls a spear of stone that shatters on impact, blasting the enemy with flying stone fragments."
PROPSKILL_TXT_000198,Earth Mastery
PROPSKILL_TXT_000199,Enhances the power of Earth spells.
PROPSKILL_TXT_000200,Earthquake
PROPSKILL_TXT_000201,"Shatters the ground beneath the target enemy and surrounding enemies, sending chunks of earth flying outward, with a chance to reduce their Attack."
PROPSKILL_TXT_000202,Iceshark
PROPSKILL_TXT_000203,"Fires an icy projectile that explodes on impact, bursting outward in freezing shards."
PROPSKILL_TXT_000204,Water Mastery
PROPSKILL_TXT_000205,Enhances the power of Water spells.
PROPSKILL_TXT_000206,Poison Cloud
PROPSKILL_TXT_000207,"Summons a poisonous cloud above the target enemy, raining toxins that poison the target enemy and surrounding enemies over time."
PROPSKILL_TXT_000208,Void
PROPSKILL_TXT_000209,Creates a powerful vacuum that crushes the enemy.
PROPSKILL_TXT_000210,Wind Mastery
PROPSKILL_TXT_000211,Enhances the power of Wind spells.
PROPSKILL_TXT_000212,Windfield
PROPSKILL_TXT_000213,"Summons a field of cutting winds beneath the target enemy, damaging the target enemy and surrounding enemies, with a chance to reduce their movement speed."
PROPSKILL_TXT_000214,Meteo Shower
PROPSKILL_TXT_000215,Calls down a shower of meteors that strike the target enemy and surrounding enemies.
PROPSKILL_TXT_000216,Lightning Storm
PROPSKILL_TXT_000217,"Summons a raging lightning storm that strikes the target enemy and surrounding enemies, with a chance to reduce Critical Damage."
PROPSKILL_TXT_000218,Sandstorm
PROPSKILL_TXT_000219,"Engulfs the target enemy and surrounding enemies in a violent sandstorm, with a chance to reduce their accuracy."
PROPSKILL_TXT_000220,Blizzard
PROPSKILL_TXT_000221,"Summons a freezing blizzard on the target enemy, striking the target enemy and surrounding enemies, with a chance to stun."
PROPSKILL_TXT_000222,Yo-Yo Mastery
PROPSKILL_TXT_000223,Increases damage dealt with Yo-Yos.
PROPSKILL_TXT_000224,Bow Mastery
PROPSKILL_TXT_000225,Increases damage dealt with bows.
PROPSKILL_TXT_000226,Dark Illusion
PROPSKILL_TXT_000227,Turns you invisible for a short time.
PROPSKILL_TXT_000228,Junk Arrow
PROPSKILL_TXT_000229,"Fires multiple volleys of arrows wildly at the enemy, some of which may miss."
PROPSKILL_TXT_000230,Fast Walker
PROPSKILL_TXT_000231,Increases movement speed for a short time.
PROPSKILL_TXT_000232,Aimed Shot
PROPSKILL_TXT_000233,"A slow, carefully aimed shot with a chance to deal double damage."
PROPSKILL_TXT_000234,Slow Step
PROPSKILL_TXT_000235,An attack that may reduce the enemy's movement speed.
PROPSKILL_TXT_000236,Silent Shot
PROPSKILL_TXT_000237,A surprise attack that deals increased damage during Dark Illusion.
PROPSKILL_TXT_000238,Perfect Block
PROPSKILL_TXT_000239,Increases your Block.
PROPSKILL_TXT_000240,Arrow Rain
PROPSKILL_TXT_000241,"Rains down arrows on the target enemy and surrounding enemies, dealing damage over time."
PROPSKILL_TXT_000242,Cross Line
PROPSKILL_TXT_000243,A Yo-Yo strike with a chance to stun the enemy.
PROPSKILL_TXT_000244,Auto Shot
PROPSKILL_TXT_000245,"Fires multiple arrows at the enemy, with a chance to reduce their accuracy."
PROPSKILL_TXT_000246,Snatch
PROPSKILL_TXT_000247,Steals Penya from the target while under Dark Illusion. Must attack from behind.
PROPSKILL_TXT_000248,Counter Attack
PROPSKILL_TXT_000249,Assume a counterattack stance that nullifies the next close-range attack against you and stuns the attacker. You cannot perform other actions while in this stance.
PROPSKILL_TXT_000250,Deadly Swing
PROPSKILL_TXT_000251,A powerful Yo-Yo strike that may reduce the enemy's Attack Speed and Casting Speed.
PROPSKILL_TXT_000252,Pulling
PROPSKILL_TXT_000253,Pulls the target toward you using the Yo-Yo.
PROPSKILL_TXT_000254,Critical Swing
PROPSKILL_TXT_000255,Increases your Critical Chance and Block Penetration.
PROPSKILL_TXT_000256,Enchant Poison
PROPSKILL_TXT_000257,Imbues the Yo-Yo so attacks have a chance to inflict poison and increases Attack.
PROPSKILL_TXT_000258,Enchant Blood
PROPSKILL_TXT_000259,Imbues the Yo-Yo so attacks have a chance to inflict bleeding and increases Attack.
PROPSKILL_TXT_000260,Enchant Absorb
PROPSKILL_TXT_000261,Imbues the Yo-Yo so attacks have a chance to drain HP and increases Attack.
PROPSKILL_TXT_000262,Multi-Stab
PROPSKILL_TXT_000263,Strikes the enemy multiple times with the Yo-Yo.
PROPSKILL_TXT_000264,Hit of Penya
PROPSKILL_TXT_000265,Consumes your own Penya to strike the enemy with devastating force.
PROPSKILL_TXT_000266,Escape
PROPSKILL_TXT_000267,Removes all debuffs from yourself.
PROPSKILL_TXT_000268,Vital Stab
PROPSKILL_TXT_000269,A surprise attack that can only be used under Dark Illusion.
PROPSKILL_TXT_000270,Critical Shot
PROPSKILL_TXT_000271,Increases Critical Chance for a limited time.
PROPSKILL_TXT_000272,Ice Arrow
PROPSKILL_TXT_000273,"Shoots ice-covered arrows at the target enemy and surrounding enemies, reducing their movement speed."
PROPSKILL_TXT_000274,Flame Arrow
PROPSKILL_TXT_000275,"Fires a flame-imbued arrow that leaves a burning field at the impact point, dealing damage over time to enemies within it."
PROPSKILL_TXT_000276,Piercing Arrow
PROPSKILL_TXT_000277,Fires a powerful arrow that pierces through enemies in a line.
PROPSKILL_TXT_000278,Poison Arrow
PROPSKILL_TXT_000279,"Shoots a poison-tipped arrow at the enemy, inflicting poison damage over time."
PROPSKILL_TXT_000280,Silent Arrow
PROPSKILL_TXT_000281,Attacks the enemy and prevents them from casting spells.
PROPSKILL_TXT_000282,Nature
PROPSKILL_TXT_000283,"Attunes you to nature, heightening your senses to increase Magic Resistance and Bow Range."
PROPSKILL_TXT_000284,Triple Shot
PROPSKILL_TXT_000285,Fires a volley of arrows that stuns the target.
PROPSKILL_TXT_000286,Flash
PROPSKILL_TXT_000287,Blinded by the flash of light.
PROPSKILL_TXT_000288,Single Stun
PROPSKILL_TXT_000290,Stun Group
PROPSKILL_TXT_000291,You are stunned and cannot move.
PROPSKILL_TXT_000292,Damage
PROPSKILL_TXT_000294,Atk. Counter
PROPSKILL_TXT_000295,Attack just as an enemy attacks.
PROPSKILL_TXT_000296,Knockback
PROPSKILL_TXT_000297,Pushes the enemy back.
PROPSKILL_TXT_000298,Burningfield
PROPSKILL_TXT_000299,"Ignites the ground, creating a burning field that deals damage over time to enemies standing on it."
PROPSKILL_TXT_000300,Poison
PROPSKILL_TXT_000301,"You are poisoned, suffering damage over time and reduced HP Restoration."
PROPSKILL_TXT_000302,Stun
PROPSKILL_TXT_000303,You are stunned and cannot move.
PROPSKILL_TXT_000304,Bleeding
PROPSKILL_TXT_000305,"You are bleeding, suffering damage over time and reduced Attack Speed and Casting Speed."
PROPSKILL_TXT_000306,Steal HP
PROPSKILL_TXT_000307,Drains life from an enemy.
PROPSKILL_TXT_000308,Swordcross
PROPSKILL_TXT_000310,Poison Sting
PROPSKILL_TXT_000313,Damages an enemy over time.
PROPSKILL_TXT_000314,Chill of Death
PROPSKILL_TXT_000315,"You are chilled, suffering reduced Attack Speed and Casting Speed."
PROPSKILL_TXT_000319,You fainted.
PROPSKILL_TXT_000320,Krrr's Poison
PROPSKILL_TXT_000324,Berserker Mushroom
PROPSKILL_TXT_000325,Increases Attack and Attack Speed.
PROPSKILL_TXT_000326,Protective Tree Bark
PROPSKILL_TXT_000327,Reduces incoming damage by wrapping your body in tree bark.
PROPSKILL_TXT_000328,Buff Break
PROPSKILL_TXT_000330,Buff Break X
PROPSKILL_TXT_000350,Burn
PROPSKILL_TXT_000351,Damages the target continuously over time.
PROPSKILL_TXT_000380,Shield Bash
PROPSKILL_TXT_000381,"Strikes the target with your shield, with a chance to stun. Requires a shield."
PROPSKILL_TXT_000378,Grand Rage
PROPSKILL_TXT_000379,A powerful one-handed attack that recovers FP equal to 5% of the damage dealt.
PROPSKILL_TXT_000384,Heart of Fury
PROPSKILL_TXT_000385,Enhances combat ability at the cost of 1% of your maximum FP per strike. Damage is increased by 10% of your maximum FP. Requires a one-handed weapon.
PROPSKILL_TXT_100000,Moon Beam
PROPSKILL_TXT_100001,"Calls upon the moon to afflict the target, dealing damage over time and making them more susceptible to all incoming damage."
PROPSKILL_TXT_100002,Shade's Support
PROPSKILL_TXT_100003,Protects the monster from stun and rooting debuffs.
PROPSKILL_TXT_100004,Shade's Boost
PROPSKILL_TXT_100005,Increases the monster's movement speed.
PROPSKILL_TXT_100006,Dragon's Grace
PROPSKILL_TXT_100007,"Empowered by your dragon, gaining increased Attack."
PROPSKILL_TXT_100008,Lion's Grace
PROPSKILL_TXT_100009,"Empowered by your lion, gaining increased max HP."
PROPSKILL_TXT_100010,Tiger's Grace
PROPSKILL_TXT_100011,"Empowered by your tiger, gaining increased Critical Damage."
PROPSKILL_TXT_100012,Fox's Grace
PROPSKILL_TXT_100013,"Empowered by your fox, gaining increased Attack and Casting Speed."
PROPSKILL_TXT_100014,Rabbit's Grace
PROPSKILL_TXT_100015,"Empowered by your rabbit, gaining increased Speed."
PROPSKILL_TXT_100016,Griffin's Grace
PROPSKILL_TXT_100017,"Empowered by your griffin, taking reduced Incoming Damage."
PROPSKILL_TXT_100018,Unicorn's Grace
PROPSKILL_TXT_100019,"Empowered by your unicorn, gaining increased Block."
PROPSKILL_TXT_100020,Angel's Grace
PROPSKILL_TXT_100021,"Empowered by your angel, gaining increased Critical Damage."
PROPSKILL_TXT_100022,King Crab's Grace
PROPSKILL_TXT_100023,"Empowered by your king crab, gaining increased Block Penetration."
PROPSKILL_TXT_100024,Call of Fury
PROPSKILL_TXT_100025,Lets out a furious shout that forces the target enemy and surrounding enemies to focus their attacks on you.
PROPSKILL_TXT_100026,Heart of Sacrifice
PROPSKILL_TXT_100027,Redirects damage taken by the target player to yourself.
PROPSKILL_TXT_000392,Rending Entry
PROPSKILL_TXT_000393,"Blink to a target point, damaging nearby enemies with a chance to immobilize them. If an enemy is defeated by this attack, Rending Entry's cooldown is reset."
PROPSKILL_TXT_000394,Barrier of Life
PROPSKILL_TXT_000395,Grants the target a barrier that causes all incoming hits to be blocked for a short duration.
PROPSKILL_TXT_000430,Gravity Well
PROPSKILL_TXT_000431,Creates a gravity well at a target point that greatly slows enemies within the area.
PROPSKILL_TXT_000440,Eye of the Storm
PROPSKILL_TXT_000441,"Summons a violent storm around you that pushes enemies back on contact, forming a barrier that prevents enemies from approaching."
PROPSKILL_TXT_000424,Sury's Tenacity
PROPSKILL_TXT_000425,"Grants immunity to crowd control and increased incoming healing, but prevents skill usage."
PROPSKILL_TXT_000400,Jester's Blast
PROPSKILL_TXT_000401,"Plants a time bomb on the target enemy that explodes after a short delay, damaging the target enemy and surrounding enemies. Recasting the skill on the same target triggers an early detonation with reduced damage and range."
PROPSKILL_TXT_000402,Boomburst
PROPSKILL_TXT_000403,"Fires a long-range projectile that detonates on impact, knocking down the target enemy and surrounding enemies."
PROPSKILL_TXT_000404,Raon's Fire
PROPSKILL_TXT_000405,Reduces fire resistance by 20%.
PROPSKILL_TXT_000406,Herness' Water
PROPSKILL_TXT_000407,Reduces water resistance by 20%.
PROPSKILL_TXT_000408,Ishirut's Spark
PROPSKILL_TXT_000409,Reduces electric resistance by 20%.
PROPSKILL_TXT_000410,Shelid's Earth
PROPSKILL_TXT_000411,Reduces earth resistance by 20%.
PROPSKILL_TXT_000412,Ipuli's Breath
PROPSKILL_TXT_000413,Reduces wind resistance by 20%.
PROPSKILL_TXT_100028,Lifesteal
PROPSKILL_TXT_100029,Mysterious Energy
PROPSKILL_TXT_100030,A mysterious magic energy is preventing you from moving.
PROPSKILL_TXT_100031,Bolstered
PROPSKILL_TXT_100032,Your defenses are enhanced.
PROPSKILL_TXT_100033,Explode
PROPSKILL_TXT_100034,Curse of the Drowned Rangda
PROPSKILL_TXT_100035,"Monsters have increased attack, but take increased damage."
PROPSKILL_TXT_100036,Shade's Cruel Bargain
PROPSKILL_TXT_100037,"Monsters explode on death, but have an increased drop rate."
PROPSKILL_TXT_100038,Iblis Touched
PROPSKILL_TXT_100039,"Monsters reflect damage, but have an increased drop rate."
PROPSKILL_TXT_100040,Rhisis' Assistance
PROPSKILL_TXT_100041,"Monsters regenerate a percentage of their HP per second, but grant increased EXP."
PROPSKILL_TXT_100042,"Monsters have increased movement speed, but take increased damage."
PROPSKILL_TXT_100043,Dagger from Within
PROPSKILL_TXT_100044,"Monsters have increased Critical Chance, but grant increased EXP."
PROPSKILL_TXT_100045,Phantom Pain
PROPSKILL_TXT_100046,"Monsters have a chance to strike twice, but have an increased drop rate."
PROPSKILL_TXT_100047,Drain of Iblis
PROPSKILL_TXT_100048,"Monsters gain lifesteal, but take increased damage."
PROPSKILL_TXT_100049,Shade's Adrenaline
PROPSKILL_TXT_100050,"Monsters have increased Attack Speed, but have an increased drop rate."
PROPSKILL_TXT_100051,Life-linked
PROPSKILL_TXT_100052,This entity cannot be defeated while its life-linked target remains above a certain HP threshold.
PROPSKILL_TXT_100053,Kraken's Revenge
PROPSKILL_TXT_100054,Rapidly regenerating HP due to rage.
PROPSKILL_TXT_100055,Ice Patch
PROPSKILL_TXT_100056,Slowed by an ice patch.
PROPSKILL_TXT_100057,Chill of the Ghostly Emperor
PROPSKILL_TXT_100058,The dungeon is covered in patches of ice that slow you down. Increased drop rate.
PROPSKILL_TXT_100059,Webbed
PROPSKILL_TXT_100060,A sticky web slows your movement.
PROPSKILL_TXT_100061,Battered
PROPSKILL_TXT_100062,A brutal strike has shattered your defenses. You take more damage than usual.
PROPSKILL_TXT_100063,Poisoned
PROPSKILL_TXT_100064,Reduces your HP Restoration.
PROPSKILL_TXT_100065,Misty Touch
PROPSKILL_TXT_100066,Reduces your accuracy.
PROPSKILL_TXT_100067,Hardened Carapace
PROPSKILL_TXT_100068,"The enemy anticipates your movements, reducing damage taken from your attacks."
PROPSKILL_TXT_100069,Mind Shatter
PROPSKILL_TXT_100070,"Your concentration has been shattered, reducing your magic damage."
PROPSKILL_TXT_100071,Undying
PROPSKILL_TXT_100072,Life-linked to another entity.
PROPSKILL_TXT_100073,Reflective Shell
PROPSKILL_TXT_100074,A portion of the damage you deal to this monster is reflected back to you.
PROPSKILL_TXT_100075,Siren's Call
PROPSKILL_TXT_100076,"The Siren draws you closer. Her pain is your pain, redirecting a portion of any damage dealt to her to you."
PROPSKILL_TXT_100077,Double Vision
PROPSKILL_TXT_100078,"Your perception fractures. You take double damage, but your damage against monsters is doubled."
PROPSKILL_TXT_100079,Pack Tactics
PROPSKILL_TXT_100080,This monster gains increased Attack while fighting alongside allies.
PROPSKILL_TXT_100081,"You are caught in a gravitational well, suffering damage over time and greatly reduced movement speed."
PROPSKILL_TXT_100082,"This monster steals your life force, but takes 5% more damage."
PROPSKILL_TXT_100083,Curse of the Demon Lord
PROPSKILL_TXT_100084,"The Demon Lord has cursed you with overwhelming exhaustion, greatly reducing Speed, Attack Speed, and Casting Speed, and lowering all stats."
PROPSKILL_TXT_100085,Blessing of the Golden Aibatt
PROPSKILL_TXT_100086,"Blessed by the Golden Aibatt's generosity, this monster grants 10% increased EXP and drop rates when defeated."
PROPSKILL_TXT_100087,Shade's Swiftness
PROPSKILL_TXT_100088,"Shade is a powerful god of fear and rage, and they grant this buff to players by imbuing them with a gust of wind that enhances their reflexes and allows them to move faster."
PROPSKILL_TXT_100089,Iblis' Fortitude
PROPSKILL_TXT_100090,"Iblis is a revered god of apathy and neutrality, and they grant this buff to players by infusing them with a burst of life energy that increases their maximum health and allows them to withstand more damage."
PROPSKILL_TXT_100091,Bubble's Bulwark
PROPSKILL_TXT_100092,"Bubble is a legendary god of joy and purity, and they grant this buff to players by creating a powerful shield that provides an extra layer of defense against enemy attacks."
PROPSKILL_TXT_100093,Guild's Enhancement
PROPSKILL_TXT_100094,Donate G-Tokens to your guild and upgrade this enhancement's level!
PROPSKILL_TXT_100095,Spiritual Overcharge
PROPSKILL_TXT_100096,Healing Grace
PROPSKILL_TXT_100097,Prankster's Escape
PROPSKILL_TXT_100098,Last Stand
PROPSKILL_TXT_100099,Aura Burst
PROPSKILL_TXT_100100,Supercharged
PROPSKILL_TXT_100101,Crackling energy envelops the target. Increases the Drop Chance and Experience of this monster by 10%.
PROPSKILL_TXT_100102,Static
PROPSKILL_TXT_100103,Sparks of power drain your strength. Run away to prevent it from spreading!
PROPSKILL_TXT_100104,Tethered
PROPSKILL_TXT_100105,You are bound by a tether! Create distance to break it!
PROPSKILL_TXT_100106,Slowed
PROPSKILL_TXT_100107,Waterbomb
PROPSKILL_TXT_100108,Jungle Fever
PROPSKILL_TXT_100109,"A disease spreads through your body. Hopefully, the fever breaks."
PROPSKILL_TXT_100110,PlayPark's Launch Buff
PROPSKILL_TXT_100111,Enjoy increased Experience and Drops up to Level 119!
PROPSKILL_TXT_100112,Artifact Power
PROPSKILL_TXT_100113,"Your team's control over artifacts empowers you, increasing your damage against Kalgas!"
PROPSKILL_TXT_100114,Kalgas Poison
PROPSKILL_TXT_100115,Poison spreads through your body.
PROPSKILL_TXT_100116,Kalgas' Dominance
PROPSKILL_TXT_100117,The enemy team has claimed total dominance! Your team cannot damage Kalgas until an artifact is reclaimed.
PROPSKILL_TXT_100118,2nd Anniversary Guild's Enhancement
PROPSKILL_TXT_100119,Donate 2nd Anniversary Tokens to your guild and upgrade this enhancement's level!
PROPSKILL_TXT_100120,Poison (From Weapon)
PROPSKILL_TXT_100121,Stun (From Weapon)
PROPSKILL_TXT_100122,Bleeding (From Weapon)
PROPSKILL_TXT_100123,Increases FP and MP Restoration by 10% for you and your partner for 10 minutes.
PROPSKILL_TXT_100124,Madrigal Stroll
PROPSKILL_TXT_100125,Increases movement speed by 5% for you and your partner for 10 minutes.
PROPSKILL_TXT_100126,Field Outing
PROPSKILL_TXT_100127,Reload the Experience Lock Gauge by 5% of the maximum.
PROPSKILL_TXT_100128,Party Together
PROPSKILL_TXT_100129,Increases party experience by 10% for 30 minutes while you and your partner are in the same party.
PROPSKILL_TXT_100130,Golden Luck
PROPSKILL_TXT_100131,Increases drop rate and Penya gained by 5% for you and your partner for 10 minutes.
PROPSKILL_TXT_100132,Stamina Boost
PROPSKILL_TXT_100133,Increases all stats by 5 for you and your partner for 10 minutes.
PROPSKILL_TXT_100134,Sky's Blessing
PROPSKILL_TXT_100135,Increases flight speed by 3 km/h for you and your partner for 5 minutes.
PROPSKILL_TXT_100136,Cheer of Love
PROPSKILL_TXT_100137,"Cheered on by your partner, your EXP rate is increased by 5%."
PROPSKILL_TXT_100138,Happy Jump
PROPSKILL_TXT_100139,Increases Jump Height by 50 for you and your partner for 10 minutes.
PROPSKILL_TXT_100140,Swift Recovery
PROPSKILL_TXT_100141,Herb Gathering
PROPSKILL_TXT_100142,Gather various herbs.
PROPSKILL_TXT_100143,Wood Cutting
PROPSKILL_TXT_100144,Cut down trees.
PROPSKILL_TXT_100145,Mining
PROPSKILL_TXT_100146,Mine various ores and gems.
PROPSKILL_TXT_100147,Fishing
PROPSKILL_TXT_100148,Catch various fish.
PROPSKILL_TXT_100149,Cooking
PROPSKILL_TXT_100150,Cook various foods.
PROPSKILL_TXT_100151,Alchemy
PROPSKILL_TXT_100152,Produce various potions.
PROPSKILL_TXT_100153,Carpentry
PROPSKILL_TXT_100154,Craft furniture and other items.
PROPSKILL_TXT_100155,Smithing
PROPSKILL_TXT_100156,Create various accessories.
PROPSKILL_TXT_FWC_202501,Grinder's Blessing
PROPSKILL_TXT_FWC_202502,Madrigal's elites guide you!
PROPSKILL_TXT_FWC_202503,Bubble's Fortune
PROPSKILL_TXT_FWC_202504,Madrigal's most fortunate guide you!
PROPSKILL_TXT_150000,Harlequin's Greeting
PROPSKILL_TXT_150001,"Perform a quick step, teleporting behind your target and striking them."
PROPSKILL_TXT_150002,Shadow Attack
PROPSKILL_TXT_150003,"Teleport instantly to the rear of your target to deal damage. If used while invisible, the next auto attack within three seconds will be a critical hit, and the cooldown will be reduced."
PROPSKILL_TXT_150004,Extended Reach
PROPSKILL_TXT_150005,Harlequin's Charge
PROPSKILL_TXT_150006,Gather strength to unleash a powerful charged attack against a single target.
PROPSKILL_TXT_150007,Ferocity
PROPSKILL_TXT_150008,Reduced Charge Time
PROPSKILL_TXT_150009,Quickening
PROPSKILL_TXT_150010,Alter Ego
PROPSKILL_TXT_150011,"Become invisible and spawn a clone at your position. The clone runs in a random direction, reflects damage, and explodes when destroyed."
PROPSKILL_TXT_150012,Long Shadow
PROPSKILL_TXT_150014,Special Yo-Yo Mastery
PROPSKILL_TXT_150015,"Increases Basic Attack Damage and Yo-Yo Range, and grants basic attacks a chance to strike twice."
PROPSKILL_TXT_150016,Heavy String
PROPSKILL_TXT_150017,Long String
PROPSKILL_TXT_150018,Twin String
PROPSKILL_TXT_150019,Critical Yo-Yo Mastery
PROPSKILL_TXT_150020,String Yo-Yo Mastery
PROPSKILL_TXT_150021,Critical Stab
PROPSKILL_TXT_150022,Reduces your Critical Chance but increases your Critical Damage.
PROPSKILL_TXT_150024,Persistence
PROPSKILL_TXT_150026,Shadow Strike
PROPSKILL_TXT_150027,Attacking from behind while invisible deals additional damage.
PROPSKILL_TXT_150028,Agility
PROPSKILL_TXT_150029,Temporarily increases your movement speed after leaving invisibility.
PROPSKILL_TXT_150030,Concentration [Nen]
PROPSKILL_TXT_150031,"Focus your mind to gain Nen. Each Nen stack increases Attack but reduces Max MP, and these effects are multiplied by your current number of stacks. This skill can grant up to 10 Nen stacks."
PROPSKILL_TXT_150032,Forced Critical Hit
PROPSKILL_TXT_150033,Your next basic attack is guaranteed to be a critical hit.
PROPSKILL_TXT_150034,"Your critical chance is capped at 10%, while greatly increasing critical damage."
PROPSKILL_TXT_150035,Barrage
PROPSKILL_TXT_150036,Basic attacks have a chance to fire double arrows.
PROPSKILL_TXT_150037,Double Nock
PROPSKILL_TXT_150038,Sustained Fire
PROPSKILL_TXT_150040,Heavy Shot
PROPSKILL_TXT_150041,Knocks the target back with an arrow.
PROPSKILL_TXT_150042,Sledgehammer
PROPSKILL_TXT_150043,Ricochet
PROPSKILL_TXT_150045,Repelling Shot
PROPSKILL_TXT_150046,Leap backwards after attacking the target.
PROPSKILL_TXT_150047,Great Leap
PROPSKILL_TXT_150048,Cripple
PROPSKILL_TXT_150050,Condor Dive
PROPSKILL_TXT_150051,"Unleash a condor-like force that soars upward before diving down, dealing damage to enemies around you."
PROPSKILL_TXT_150054,Quiver Master
PROPSKILL_TXT_150055,Swift Hands
PROPSKILL_TXT_150056,"Increases your Action Speed, allowing non-magical skills to be performed faster."
PROPSKILL_TXT_150057,Eagle Eye
PROPSKILL_TXT_150058,"Channel the spirit of the eagle, increasing your Bow Range."
PROPSKILL_TXT_150059,Arcane Enchantment
PROPSKILL_TXT_150060,Provide Elemental status to the skills..
PROPSKILL_TXT_150061,Increased Element
PROPSKILL_TXT_150062,Decreased Element
PROPSKILL_TXT_150063,Elemental Debuff
PROPSKILL_TXT_150064,Laughter of La Croix
PROPSKILL_TXT_150065,You can ignore one instance of disable or weaken debuffs
PROPSKILL_TXT_150066,Successfull Debuff
PROPSKILL_TXT_150067,Additional Shield
PROPSKILL_TXT_150069,Chimera's Curse
PROPSKILL_TXT_150070,"Invoke the spirit of Chimera to curse your target, dealing damage and transforming them into an Aibatt. While transformed, they cannot attack. When fully charged, the chance to transform the target is increased by 30%."
PROPSKILL_TXT_150071,Enduring Beast
PROPSKILL_TXT_150072,Certain Fate
PROPSKILL_TXT_150073,Malefic Detonation
PROPSKILL_TXT_150074,"While active, inflicting a Disable-type debuff adds a stack and refreshes the effect's duration. Each stack increases Projectile Speed and amplifies effects that scale with Disable-type debuffs. Stacks up to 4 times."
PROPSKILL_TXT_150075,Weaken at full charge
PROPSKILL_TXT_150076,Ceaseless
PROPSKILL_TXT_150077,Shield
PROPSKILL_TXT_150078,Hexe's Lament
PROPSKILL_TXT_150079,"Deals damage in an area around your target, with a chance to inflict Jinx on enemies hit, preventing them from dealing critical hits and reducing their PvE Damage. When fully charged, the skill lasts longer, deals damage more frequently, and has a higher chance to inflict Jinx."
PROPSKILL_TXT_150080,Distant Echo
PROPSKILL_TXT_150081,Malice
PROPSKILL_TXT_150082,Damage increase
PROPSKILL_TXT_150083,Damnation Surge
PROPSKILL_TXT_150084,"While active, inflicting a Weaken-type debuff adds a stack and refreshes the effect's duration. Each stack increases the duration of debuffs you inflict and amplifies effects that scale with Weaken-type debuffs. Stacks up to 4 times."
PROPSKILL_TXT_150085,Sleep at full charge
PROPSKILL_TXT_150087,Shield
PROPSKILL_TXT_150088,Enhanced Blinkpool
PROPSKILL_TXT_150089,Temporarily increases your movement speed after using Blinkpool.
PROPSKILL_TXT_150090,Increased Damage: Disable
PROPSKILL_TXT_150091,Increased Damage: Weaken
PROPSKILL_TXT_150092,Debuff Damage Reduction
PROPSKILL_TXT_150093,Shield Crush
PROPSKILL_TXT_150094,"Swing your shield at the target, stunning them."
PROPSKILL_TXT_150095,Far Reach
PROPSKILL_TXT_150096,Rapid Bash
PROPSKILL_TXT_150097,Forceful Attack
PROPSKILL_TXT_150098,Maelstrom Strike
PROPSKILL_TXT_150099,"Perform a spinning attack that releases a gust of wind, hitting nearby enemies twice with a chance to stun."
PROPSKILL_TXT_150100,Vertigo
PROPSKILL_TXT_150101,Lingering Daze
PROPSKILL_TXT_150103,Templar's Call
PROPSKILL_TXT_150104,"Launch a chain at your target, pulling them toward you."
PROPSKILL_TXT_150105,Ankle Slice
PROPSKILL_TXT_150106,Relentless Embrace
PROPSKILL_TXT_150107,Dragnet
PROPSKILL_TXT_150108,Rush Attack
PROPSKILL_TXT_150109,Quickly charges at your target and attacks them.
PROPSKILL_TXT_150110,Deep Impact
PROPSKILL_TXT_150111,Ankle Strike
PROPSKILL_TXT_150112,Shield
PROPSKILL_TXT_150113,Sky Splitter
PROPSKILL_TXT_150114,"Split the skies with your two-handed weapon, dealing damage to your target. Requires a two-handed weapon."
PROPSKILL_TXT_150116,Sundering Blow
PROPSKILL_TXT_150117,Endless Horizon
PROPSKILL_TXT_150118,Strong Impact
PROPSKILL_TXT_150119,Last One Standing
PROPSKILL_TXT_150120,Reflects incoming damage while consuming HP over time and preventing you from moving. Can be re-cast to cancel.
PROPSKILL_TXT_150121,Grinding Advance
PROPSKILL_TXT_150122,Iron Will
PROPSKILL_TXT_150123,Unyielding
PROPSKILL_TXT_150124,Increased HP Recovery
PROPSKILL_TXT_150125,Increases your HP recovery from items and skills.
PROPSKILL_TXT_150126,Undying
PROPSKILL_TXT_150127,"Grants stacks of Undying that prevent death. Taking lethal damage consumes one stack and reduces your HP, MP, and FP to 1 instead. The protection ends once all stacks are consumed."
PROPSKILL_TXT_150128,Enhanced HP Recovery
PROPSKILL_TXT_150129,Increases healing received while at low HP.
PROPSKILL_TXT_150130,Increased HP Regeneration
PROPSKILL_TXT_150131,Increases natural HP recovery.
PROPSKILL_TXT_150132,One-handed Mastery
PROPSKILL_TXT_150133,Increase your damage when using one-handed weapons.
PROPSKILL_TXT_150134,Two-handed Mastery
PROPSKILL_TXT_150135,Increase your damage when using two-handed weapons.
PROPSKILL_TXT_150136,Shield Mastery
PROPSKILL_TXT_150137,Increases your Defense while wielding a shield.
PROPSKILL_TXT_150138,Enhanced Physical Defense
PROPSKILL_TXT_150139,Increases your Defense while at low HP.
PROPSKILL_TXT_150140,Enhanced Magical Defense
PROPSKILL_TXT_150141,Increases your Magic Resistance while at low HP.
PROPSKILL_TXT_140000,Asylum's Lesser HP Blessing
PROPSKILL_TXT_140001,"The Asylum fortifies your life force, increasing Max HP by 5%."
PROPSKILL_TXT_140002,Asylum's Greater HP Blessing
PROPSKILL_TXT_140003,"The Asylum fills you with eerie vitality, increasing Max HP by 10%."
PROPSKILL_TXT_140004,Asylum's Lesser Defense Blessing
PROPSKILL_TXT_140005,"The Asylum shields you with spectral protection, increasing Defense by 2%."
PROPSKILL_TXT_140006,Asylum's Greater Defense Blessing
PROPSKILL_TXT_140007,"The Asylum surrounds you with an eerie barrier, increasing Defense by 5%."
PROPSKILL_TXT_140008,Asylum's Lesser Elemental Blessing
PROPSKILL_TXT_140009,"The Asylum imbues your attacks with elemental power, increasing damage dealt with all elements by 5%."
PROPSKILL_TXT_140010,Asylum's Greater Elemental Blessing
PROPSKILL_TXT_140011,"The Asylum strengthens your connection to the elements, increasing damage dealt with all elements by 10%."
PROPSKILL_TXT_140012,Asylum's Lesser Speed Blessing
PROPSKILL_TXT_140013,"The Asylum quickens your movements with otherworldly energy, increasing Speed by 5%."
PROPSKILL_TXT_140014,Asylum's Greater Speed Blessing
PROPSKILL_TXT_140015,"The Asylum surges through you, increasing Speed by 10%."
PROPSKILL_TXT_140016,Asylum's Lesser Attack Blessing
PROPSKILL_TXT_140017,"The Asylum empowers your strikes with otherworldly force, increasing Attack by 5%."
PROPSKILL_TXT_140018,Asylum's Greater Attack Blessing
PROPSKILL_TXT_140019,"The Asylum fills you with unnatural strength, increasing Attack by 10%."
PROPSKILL_TXT_140020,Asylum's Lesser Boss Damage Blessing
PROPSKILL_TXT_140021,"The Asylum empowers your strikes against powerful foes, increasing damage dealt to bosses by 5%."
PROPSKILL_TXT_140022,Asylum's Greater Boss Damage Blessing
PROPSKILL_TXT_140023,"The Asylum fills you with overwhelming force, increasing damage dealt to bosses by 10%."
PROPSKILL_TXT_140024,Asylum's Lesser All Stats Blessing
PROPSKILL_TXT_140025,"The Asylum brings unnatural harmony to your body, increasing all base stats by 5."
PROPSKILL_TXT_140026,Asylum's Greater All Stats Blessing
PROPSKILL_TXT_140027,"The Asylum empowers every aspect of your being, increasing all base stats by 10."
PROPSKILL_TXT_140028,Asylum's Lesser Boss Protection Blessing
PROPSKILL_TXT_140029,"The Asylum veils you in shadow, reducing damage taken from bosses by 5%."
PROPSKILL_TXT_140030,Asylum's Greater Boss Protection Blessing
PROPSKILL_TXT_140031,"The Asylum shields you from powerful foes, reducing damage taken from bosses by 10%."
PROPSKILL_TXT_140032,Asylum's Lesser HP Curse
PROPSKILL_TXT_140033,"The Asylum drains your life force, reducing Max HP by 5%."
PROPSKILL_TXT_140034,Asylum's Greater HP Curse
PROPSKILL_TXT_140035,"The Asylum consumes your vitality, reducing Max HP by 10%."
PROPSKILL_TXT_140036,Asylum's Lesser Defense Curse
PROPSKILL_TXT_140037,"The Asylum weakens your protection, reducing Defense by 2%."
PROPSKILL_TXT_140038,Asylum's Greater Defense Curse
PROPSKILL_TXT_140039,"The Asylum strips away your defenses, reducing Defense by 5%."
PROPSKILL_TXT_140040,Asylum's Lesser Elemental Curse
PROPSKILL_TXT_140041,"The Asylum disrupts your connection to the elements, reducing damage dealt with all elements by 5%."
PROPSKILL_TXT_140042,Asylum's Greater Elemental Curse
PROPSKILL_TXT_140043,"The Asylum severs your connection to the elements, reducing damage dealt with all elements by 10%."
PROPSKILL_TXT_140044,Asylum's Lesser Speed Curse
PROPSKILL_TXT_140045,"The Asylum weighs upon your movements, reducing Speed by 5%."
PROPSKILL_TXT_140046,Asylum's Greater Speed Curse
PROPSKILL_TXT_140047,"The Asylum binds your limbs with supernatural dread, reducing Speed by 10%."
PROPSKILL_TXT_140048,Asylum's Lesser Attack Curse
PROPSKILL_TXT_140049,"The Asylum saps your strength, reducing Attack by 5%."
PROPSKILL_TXT_140050,Asylum's Greater Attack Curse
PROPSKILL_TXT_140051,"The Asylum drains the force from your strikes, reducing Attack by 10%."
PROPSKILL_TXT_140052,Asylum's Lesser Boss Damage Curse
PROPSKILL_TXT_140053,"The Asylum weakens your strikes against powerful foes, reducing damage dealt to bosses by 5%."
PROPSKILL_TXT_140054,Asylum's Greater Boss Damage Curse
PROPSKILL_TXT_140055,"The Asylum suppresses your strength against powerful foes, reducing damage dealt to bosses by 10%."
PROPSKILL_TXT_140056,Asylum's Lesser All Stats Curse
PROPSKILL_TXT_140057,"The Asylum fractures your inner balance, reducing all base stats by 5."
PROPSKILL_TXT_140058,Asylum's Greater All Stats Curse
PROPSKILL_TXT_140059,"The Asylum crushes your very essence, reducing all base stats by 10."
PROPSKILL_TXT_140060,Asylum's Lesser Boss Vulnerability Curse
PROPSKILL_TXT_140061,"The Asylum exposes your weaknesses, increasing damage taken from bosses by 5%."
PROPSKILL_TXT_140062,Asylum's Greater Boss Vulnerability Curse
PROPSKILL_TXT_140063,"The Asylum leaves you vulnerable to powerful foes, increasing damage taken from bosses by 10%."
PROPSKILL_TXT_140064,Trap: Debuff
PROPSKILL_TXT_140065,Deploy a trap that deals damage and has a 15% chance to reduce the target's movement speed.
PROPSKILL_TXT_140066,Pit
PROPSKILL_TXT_140067,You have stepped on a trap.
PROPSKILL_TXT_140068,Trapper's Cache
PROPSKILL_TXT_140069,Cruel Snare
PROPSKILL_TXT_140071,Trap: DoT
PROPSKILL_TXT_140072,Deploy a trap that deals damage over time.
PROPSKILL_TXT_140073,Trapper's Cache
PROPSKILL_TXT_140076,Trap: AoE
PROPSKILL_TXT_140077,Deploy a trap that deals damage in an area.
PROPSKILL_TXT_140078,Trapper's Cache
PROPSKILL_TXT_140081,Trap: Binding
PROPSKILL_TXT_140082,Deploy a trap that immobilizes the target.
PROPSKILL_TXT_140083,Armor Break
PROPSKILL_TXT_140086,Trap: Blast
PROPSKILL_TXT_140087,Deploy a trap that knocks the target back.
PROPSKILL_TXT_140088,Trapper's Cache
PROPSKILL_TXT_140091,Marked Prey
PROPSKILL_TXT_140092,Increases Critical Damage against enemies caught in a trap.
PROPSKILL_TXT_140093,Advanced Trap
PROPSKILL_TXT_140094,Increases your traps' range.
PROPSKILL_TXT_140095,Devastating Sting
PROPSKILL_TXT_140096,Increases your Basic Attack Damage and PvE Damage.
PROPSKILL_TXT_140097,Point Blank
PROPSKILL_TXT_140098,Increased damage for auto attacks when you more than 5m from your target.
PROPSKILL_TXT_140099,Feeble Arms
PROPSKILL_TXT_140100,Monsters take less damage from you but have higher drop rates.
PROPSKILL_TXT_150142,Five Strikes
PROPSKILL_TXT_150143,"Basic attacks have a chance to apply a stack to the target. At 5 stacks, the stacks are consumed to deal additional damage."
PROPSKILL_TXT_150144,Basic Attack Stacks
PROPSKILL_TXT_150145,Execution of Justice
PROPSKILL_TXT_150146,"Leap forward, pulling nearby enemies toward you and reducing their movement speed."
PROPSKILL_TXT_150147,Leap of Faith
PROPSKILL_TXT_150148,Hero's Emergence
PROPSKILL_TXT_150149,Faction Collapse
PROPSKILL_TXT_150150,Lillith's Gaze
PROPSKILL_TXT_150151,"Gaze upon your target with a chance to slow them and force them to move towards you. When fully charged, the chance is increased."
PROPSKILL_TXT_150152,Sure Gaze
PROPSKILL_TXT_150153,Leaden Stare
PROPSKILL_TXT_150155,Cimetiere's Scream
PROPSKILL_TXT_150156,"Invoke the spirit of Cimetiere at the targeted area for a short duration, dealing damage to nearby enemies with a chance to inflict Silence. When fully charged, the skill's damage is increased."
PROPSKILL_TXT_150158,Deafening
PROPSKILL_TXT_150160,Aether Rend
PROPSKILL_TXT_150161,"Removes Disable- and Weaken-type debuffs from your target, up to the number of Malefic Detonation and Damnation Surge stacks you have. All stacks of both effects are consumed, and the skill's damage increases with their combined power."
PROPSKILL_TXT_150162,Additional Buffs
PROPSKILL_TXT_150163,Additional Damage
PROPSKILL_TXT_150165,Yo-Yo Storm
PROPSKILL_TXT_150166,"Spin your yo-yos in place, continuously attacking nearby enemies."
PROPSKILL_TXT_150167,Wide Orbit
PROPSKILL_TXT_150169,Tangled Strings
PROPSKILL_TXT_150170,Toxic Cloud
PROPSKILL_TXT_150171,"Throw a vial of toxins at the targeted area, creating a poisonous mist that damages nearby enemies and has a chance to inflict Poison."
PROPSKILL_TXT_150172,Spreading Miasma
PROPSKILL_TXT_150174,Gas Cloud
PROPSKILL_TXT_150175,Bloody Rush
PROPSKILL_TXT_150176,"Rush forward, slashing the first enemy hit, inflicting Bleeding and reducing their movement speed."
PROPSKILL_TXT_150177,Crimson Charge
PROPSKILL_TXT_150178,Strong Impact
PROPSKILL_TXT_150179,Bloody Release
PROPSKILL_TXT_150180,Cross of Blood
PROPSKILL_TXT_150181,"Charge up a blood-infused stomp that explodes, damaging nearby enemies and inflicting Bleeding. Fully charged stomps strike additional times."
PROPSKILL_TXT_150183,Berserk
PROPSKILL_TXT_150184,Shockwave
PROPSKILL_TXT_150185,Bloody Thorn
PROPSKILL_TXT_150186,Creates an explosion that knocks back enemies and inflicts Bleeding. Charging the skill increases its range.
PROPSKILL_TXT_150187,Scarlet Burst
PROPSKILL_TXT_150189,Blood Penetration
PROPSKILL_TXT_150190,Storm Slash
PROPSKILL_TXT_150191,Conjure a whirlwind in front of you.
PROPSKILL_TXT_150192,Twin Cyclone
PROPSKILL_TXT_150193,Rending Winds
PROPSKILL_TXT_150194,Airborne
PROPSKILL_TXT_150195,Storm Strike
PROPSKILL_TXT_150196,"Strike your target's lower body with a chance to knock them down. If they are knocked down, the skill can be used again to deal increased damage."
PROPSKILL_TXT_150197,Fatal Strike
PROPSKILL_TXT_150198,Off Balance
PROPSKILL_TXT_150199,Hamstring
PROPSKILL_TXT_150200,Tempest Barrage
PROPSKILL_TXT_150201,Creates a sword aura that damages nearby enemies and increases your Defense.
PROPSKILL_TXT_150202,Tailwind
PROPSKILL_TXT_150203,Razor Winds
PROPSKILL_TXT_150205,First Blood
PROPSKILL_TXT_150206,Increases Skill Damage at the cost of additional HP consumption. Defeating enemies afflicted with Bleeding restores HP.
PROPSKILL_TXT_150207,Left-Handed
PROPSKILL_TXT_150208,Increases damage dealt by basic attacks with your off-hand weapon.
PROPSKILL_TXT_150209,Ambidextrous
PROPSKILL_TXT_150210,"Improves your ability to wield weapons in both hands simultaneously, increasing your Attack."
PROPSKILL_TXT_150211,Blood Armor
PROPSKILL_TXT_150212,Reduces damage taken as your HP decreases.
PROPSKILL_TXT_150213,Master of Sword
PROPSKILL_TXT_150214,Reduces 3rd Job skill cooldowns and increases Critical Chance based on the number of swords equipped.
PROPSKILL_TXT_150215,Master of Axe
PROPSKILL_TXT_150216,"Increases 3rd Job Skill Damage, Block, and Hit Rate based on the number of axes equipped."
PROPSKILL_TXT_150217,Survival Stance
PROPSKILL_TXT_150218,Enhance your defense shortly after being affected by a disable or immobility type debuff.
PROPSKILL_TXT_150219,Blessing of the Wise
PROPSKILL_TXT_150220,Perform a blessing that removes Disable-type debuffs from you and nearby allies. Can only be used while in a party.
PROPSKILL_TXT_150221,Clarity
PROPSKILL_TXT_150222,Purity
PROPSKILL_TXT_150223,Far Grace
PROPSKILL_TXT_150224,Soul of Rhisis
PROPSKILL_TXT_150225,Chant a hymn that reduces damage taken by you and nearby allies. The effect grows stronger as you continue chanting.
PROPSKILL_TXT_150226,Resonance
PROPSKILL_TXT_150228,Enduring Grace
PROPSKILL_TXT_150229,Celestial Barrier
PROPSKILL_TXT_150230,Chant a hymn that increases All Elements Resistance for you and nearby allies. The effect grows stronger as you continue chanting.
PROPSKILL_TXT_150234,Heaven's Step
PROPSKILL_TXT_150235,Chant a hymn that increases Parry and Block for you and nearby allies. The effect grows stronger as you continue chanting.
PROPSKILL_TXT_150239,Gloria Patri
PROPSKILL_TXT_150240,Chant a hymn that heals you and nearby allies over time. The effect grows stronger as you continue chanting.
PROPSKILL_TXT_150244,Kyrie Eleison
PROPSKILL_TXT_150245,"Chant a hymn that increases Attack, Magical Power, and Tenacity for you and nearby allies. The effect grows stronger as you continue chanting."
PROPSKILL_TXT_150249,Flow of Salvation
PROPSKILL_TXT_150250,"Breathe the flow of salvation into your target. If they are an ally, it heals them and flows to nearby allies. If they are an enemy, it deals damage and flows to nearby enemies."
PROPSKILL_TXT_150251,Abundance
PROPSKILL_TXT_150253,Increased Chain
PROPSKILL_TXT_150254,Hymn - Damage Reduction
PROPSKILL_TXT_150255,Reduces damage taken while chanting a hymn.
PROPSKILL_TXT_150256,Hymn - Perfect Performance
PROPSKILL_TXT_150257,Hymns chanted to completion have their cooldowns reduced.
PROPSKILL_TXT_150258,Hymn - Quick Step
PROPSKILL_TXT_150259,"While a hymn is being chanted, walking speed is increased."
PROPSKILL_TXT_150260,Hymn - Liberation
PROPSKILL_TXT_150261,Allows multiple hymns to be chanted at the same time.
PROPSKILL_TXT_150262,Nen Overflow
PROPSKILL_TXT_150263,"Consumes all your Nen stacks to enter Nen Overflow. While in Nen Overflow, Attack is increased, Max MP is reduced, certain skills use their Nen Enhancement variations, and Nen cannot be gained."
PROPSKILL_TXT_150264,Form Enhancement
PROPSKILL_TXT_150265,Mind Enhancement
PROPSKILL_TXT_150266,Aura Enhancement
PROPSKILL_TXT_150267,Overcharge
PROPSKILL_TXT_150268,Nen Afterimage
PROPSKILL_TXT_150270,Power Palm
PROPSKILL_TXT_150271,"Attack your target, gaining Nen stacks.\n\n[Nen Enhancement]: Has a chance to knock the target down. If used on a target restrained by Force Grip, strikes multiple times."
PROPSKILL_TXT_150272,Nen Mastery
PROPSKILL_TXT_150273,Potency
PROPSKILL_TXT_150275,Initiating Strike
PROPSKILL_TXT_150276,"Strike your target. If the target is knocked down, dash forward to quickly close the gap.\n\n[Nen Enhancement]: Grants Tenacity when used."
PROPSKILL_TXT_150277,Nen Mastery
PROPSKILL_TXT_150278,Withering Nen
PROPSKILL_TXT_150280,Staggering Strike
PROPSKILL_TXT_150281,Attack a single target with a chance to knock them down.\n\n[Nen Enhancement]: Increases your Block when used.
PROPSKILL_TXT_150282,Sweeping Blow
PROPSKILL_TXT_150283,Leg Attack
PROPSKILL_TXT_150285,Force Grip
PROPSKILL_TXT_150286,"Grab the target, preventing both of you from moving, attacking, or using skills.\n\n[Nen Enhancement]: Allows you to use skills while restraining the target."
PROPSKILL_TXT_150287,Diamond Body
PROPSKILL_TXT_150288,Wide Grasp
PROPSKILL_TXT_150290,Nen Sphere
PROPSKILL_TXT_150291,Focus your mind to launch a damaging orb toward your target.
PROPSKILL_TXT_150292,Orb Barrage
PROPSKILL_TXT_150293,Nen Conservation
PROPSKILL_TXT_150295,Aura Bomb
PROPSKILL_TXT_150296,"Channel energy from the surrounding environment, gathering it into a massive sphere before unleashing it upon the targeted area for devastating damage.\n\n[Nen Enhancement]: Leaves behind a lingering field of energy at the point of impact, damaging enemies over time and reducing their movement speed."
PROPSKILL_TXT_150297,Hasty Detonation
PROPSKILL_TXT_150298,Expanse
PROPSKILL_TXT_150300,Enlightenment
PROPSKILL_TXT_150301,Increases knuckle damage.
PROPSKILL_TXT_150302,Quick Movement
PROPSKILL_TXT_150303,Lethal Insight
PROPSKILL_TXT_150304,Swift Invocation
PROPSKILL_TXT_150305,Bubble's Blessing
PROPSKILL_TXT_150306,Cast an aura that increases Critical Damage and Attack for you and nearby allies. Cannot be used with other auras at the same time. Can be re-cast to cancel.
PROPSKILL_TXT_150309,Outreach
PROPSKILL_TXT_150310,Touch of Rhisis
PROPSKILL_TXT_150311,"Cast an aura that increases Defense and Incoming Healing for you and nearby allies. While active, you take increased damage. Cannot be used with other auras at the same time. Can be re-cast to cancel."
PROPSKILL_TXT_150315,Ire of Iblis
PROPSKILL_TXT_150316,"Cast an aura that increases Critical Resistance and All Elements Resistance for you and nearby allies. While active, you take increased damage, offset by your Aura Effect. Cannot be used with other auras at the same time. Can be re-cast to cancel."
PROPSKILL_TXT_150320,Meditate
PROPSKILL_TXT_150321,"Enter a meditative state that reduces Incoming Damage, increases Incoming Healing, and shortens the natural HP recovery interval. Can be re-cast to cancel."
PROPSKILL_TXT_150322,Deep Meditation
PROPSKILL_TXT_150323,Adamantine Body
PROPSKILL_TXT_150324,Nen Mastery
PROPSKILL_TXT_150325,Nen Storage
PROPSKILL_TXT_150326,Nen-consuming skills have a chance to consume only half the required Nen stacks.
PROPSKILL_TXT_150327,Mental Unity
PROPSKILL_TXT_150328,Reduces the maximum MP penalty from Nen stacks.
PROPSKILL_TXT_150329,Clear Reflection
PROPSKILL_TXT_150330,"At 20 Nen stacks, critical hits have a chance to deal maximum damage. At maximum level, critical hits always deal maximum damage."
PROPSKILL_TXT_150331,Tenacity
PROPSKILL_TXT_150332,Reduces the duration of debuffs inflicted on you.
PROPSKILL_TXT_150333,Marked Attack
PROPSKILL_TXT_150334,"Basic attacks leave a stacking mark on the target. At 5 stacks, the mark deals additional damage and grants 1 Nen stack."
PROPSKILL_TXT_150335,Nen Acquisition
PROPSKILL_TXT_150336,Increases the chance to gain an additional Nen stack when using Concentration [Nen].
PROPSKILL_TXT_150337,Toxic Assault
PROPSKILL_TXT_150338,Perform a multi-hit combo on the target. Each hit has a chance to inflict Poison.
PROPSKILL_TXT_150339,Potent Venom
PROPSKILL_TXT_150341,Increased Toxins
PROPSKILL_TXT_150342,Toxic Fury
PROPSKILL_TXT_150343,"Inflict Poison on yourself to increase your PvE Damage, Critical Damage, and movement speed at the cost of reduced Defense."
PROPSKILL_TXT_150345,Maintain Addiction
PROPSKILL_TXT_150346,"No Pain, No Gain"
PROPSKILL_TXT_150347,Toxic Analogy
PROPSKILL_TXT_150348,Reduces damage taken from enemies afflicted with Poison.
PROPSKILL_TXT_150349,Master of Toxins
PROPSKILL_TXT_150350,Increases damage dealt to enemies afflicted with Poison.
PROPSKILL_TXT_150351,Risk Management
PROPSKILL_TXT_150352,Becoming invisible has a chance to remove Poison from you.
PROPSKILL_TXT_150353,Dual Ego
PROPSKILL_TXT_150354,Shadow Daze
PROPSKILL_TXT_150355,Sniper's Eye
PROPSKILL_TXT_150356,Swarm
PROPSKILL_TXT_150357,Talon Grip
PROPSKILL_TXT_150358,Incinerate
PROPSKILL_TXT_150359,Elemental Amplification
PROPSKILL_TXT_150360,Fanned Flames
PROPSKILL_TXT_150362,Ignite
PROPSKILL_TXT_150363,Wildfire
PROPSKILL_TXT_150364,Hellfire
PROPSKILL_TXT_150367,Wind Counter
PROPSKILL_TXT_150368,Blaze Eater
PROPSKILL_TXT_150369,Ice Shard
PROPSKILL_TXT_150370,Tidal Omen
PROPSKILL_TXT_150371,Undertow
PROPSKILL_TXT_150373,Fire Counter
PROPSKILL_TXT_150374,Aqua Veil
PROPSKILL_TXT_150375,Gale
PROPSKILL_TXT_150376,Choking Winds
PROPSKILL_TXT_150377,Earth Counter
PROPSKILL_TXT_150378,Stormveil Cloak
PROPSKILL_TXT_150379,EVA Storm
PROPSKILL_TXT_150380,Conduction
PROPSKILL_TXT_150381,Thunder Strike
PROPSKILL_TXT_150382,Water Counter
PROPSKILL_TXT_150383,Voltguard
PROPSKILL_TXT_150384,Stone Pillar
PROPSKILL_TXT_150385,Seismic Reach
PROPSKILL_TXT_150386,Swampy Area
PROPSKILL_TXT_150387,Electric Counter
PROPSKILL_TXT_150388,"Incinerates your target, dealing damage and inflicting Burn. Deals additional damage if the target is already afflicted with Burn. Enemies afflicted with Burn also damage nearby enemies, but do not spread Burn."
PROPSKILL_TXT_150389,Suffocation
PROPSKILL_TXT_150390,Sleeping
PROPSKILL_TXT_150391,Paralyzed
PROPSKILL_TXT_150392,You are asleep and will awaken upon taking damage.
PROPSKILL_TXT_150393,"You are Paralyzed. Physical damage taken is increased, while magical damage taken is reduced."
PROPSKILL_TXT_150394,Shocked
PROPSKILL_TXT_150395,"You are Shocked, reducing All Elements Resistance by 10%."
PROPSKILL_TXT_150396,Raging Storm
PROPSKILL_TXT_150397,Zephyr's Grace
PROPSKILL_TXT_150398,Gain a shield when you use Gale or Gust.
PROPSKILL_TXT_150399,Gust
PROPSKILL_TXT_150400,The skill's range is increased.
PROPSKILL_TXT_150401,The skill's cooldown is reduced.
PROPSKILL_TXT_150402,The skill's damage scales more strongly with the shield's Defense.
PROPSKILL_TXT_150403,Also has a chance to stun enemies.
PROPSKILL_TXT_150404,Also reduces the target's movement speed.
PROPSKILL_TXT_150405,Also grants you a barrier based on your Max HP.
PROPSKILL_TXT_150406,Also immobilizes the pulled target.
PROPSKILL_TXT_150407,The skill's cooldown is reduced.
PROPSKILL_TXT_150408,Also pulls enemies surrounding the target.
PROPSKILL_TXT_150409,The chance to stun is increased.
PROPSKILL_TXT_150410,Also reduces the target's Defense.
PROPSKILL_TXT_150412,The leap distance is increased.
PROPSKILL_TXT_150413,You can push enemies further away from the landing point.
PROPSKILL_TXT_150414,The pull distance is increased.
PROPSKILL_TXT_150415,"Allows you to move while active, but at greatly reduced movement speed."
PROPSKILL_TXT_150416,The skill's HP consumption is reduced.
PROPSKILL_TXT_150417,"Instead of reflecting damage, Incoming Damage is greatly reduced."
PROPSKILL_TXT_150418,The clone's duration is increased.
PROPSKILL_TXT_150419,An additional clone is spawned.
PROPSKILL_TXT_150420,"The Basic Attack Damage increase is enhanced, but the Yo-Yo Range increase is reduced."
PROPSKILL_TXT_150421,"The Yo-Yo Range increase is enhanced, but Basic Attack Damage is reduced instead of increased."
PROPSKILL_TXT_150422,"The chance for basic attacks to strike twice is increased, but the Yo-Yo Range increase is reduced."
PROPSKILL_TXT_150423,The skill's duration is increased.
PROPSKILL_TXT_150424,Both the Critical Chance reduction and the Critical Damage increase are amplified.
PROPSKILL_TXT_150425,The Defense penalty is reduced.
PROPSKILL_TXT_150426,"The Defense reduction is fixed at 60%, but the skill's other effects are enhanced."
PROPSKILL_TXT_150427,Each hit's chance to inflict Poison is increased.
PROPSKILL_TXT_150428,"The skill's cooldown is increased, but the Poison damage is increased."
PROPSKILL_TXT_150429,The skill's range is increased.
PROPSKILL_TXT_150430,"Also has a chance to blind enemies within the mist, reducing their Hit Rate."
PROPSKILL_TXT_150431,"If used while invisible, basic attacks are guaranteed to be critical hits for a short time, and the skill's cooldown is reduced."
PROPSKILL_TXT_150433,Also has a chance to stun the target when used while invisible.
PROPSKILL_TXT_150434,"Charge time doubles, but attack increases."
PROPSKILL_TXT_150435,"Maximum charge stacks are reduced to 2, but damage decreases."
PROPSKILL_TXT_150437,Hits also have a chance to immobilize enemies.
PROPSKILL_TXT_150438,Chance to inflict poison status increases per hit.
PROPSKILL_TXT_150439,"Chain attack duration increases, but the number of attacks rises from 3 to 8. Skill cooldown increases."
PROPSKILL_TXT_150440,Also deals additional damage to targets within 3m.
PROPSKILL_TXT_150441,Also deals additional damage to targets more than 5m away.
PROPSKILL_TXT_150442,"The buff applies to party members within range, excluding yourself."
PROPSKILL_TXT_150443,The chance to fire double arrows is increased.
PROPSKILL_TXT_150445,The knockback distance is increased.
PROPSKILL_TXT_150446,Also knocks back enemies near the target.
PROPSKILL_TXT_150447,The backward leap distance is increased.
PROPSKILL_TXT_150448,Also reduces the target's movement speed.
PROPSKILL_TXT_150449,Also reduces the movement speed of enemies hit by the skill.
PROPSKILL_TXT_150450,The maximum number of traps that can be placed is increased.
PROPSKILL_TXT_150451,The trap's area of effect is increased.
PROPSKILL_TXT_150453,The chance to reduce movement speed is increased.
PROPSKILL_TXT_150455,The trap's area of effect is increased.
PROPSKILL_TXT_150456,Also reduces the Defense of enemies caught in the trap.
PROPSKILL_TXT_150457,The trap's activation range is increased.
PROPSKILL_TXT_150459,The trap's area of effect is increased.
PROPSKILL_TXT_150460,"The Attack increase per Nen stack is larger, at the cost of a larger Max MP reduction."
PROPSKILL_TXT_150461,Magical Power is increased per Nen stack instead of Attack.
PROPSKILL_TXT_150462,Also increases Aura Effect per Nen stack.
PROPSKILL_TXT_150463,Skill Damage is increased.
PROPSKILL_TXT_150464,Regains up to 10 Nen stacks after use. The Attack increase is larger and the Max MP reduction is smaller.
PROPSKILL_TXT_150465,Has a chance to grant an additional Nen stack.
PROPSKILL_TXT_150466,The skill's damage is increased.
PROPSKILL_TXT_150467,Gain 1 additional Nen with certain chance when the skill hits.
PROPSKILL_TXT_150468,"When used as a Nen-enhanced attack, also reduces the target's Attack and Defense."
PROPSKILL_TXT_150469,The chance to knock the target down is increased.
PROPSKILL_TXT_150470,Nen-enhanced strikes also reduce the target's movement speed.
PROPSKILL_TXT_150471,"Launches additional orbs, increasing the skill's total damage."
PROPSKILL_TXT_150472,"Has a chance to not consume Nen when used."
PROPSKILL_TXT_150473,"The skill's casting time is reduced, but its damage is reduced proportionally."
PROPSKILL_TXT_150474,Movement speed penalty is reduced.
PROPSKILL_TXT_150477,"Also reduces the damage you take while restraining an enemy."
PROPSKILL_TXT_150478,"Has a chance to also restrain all enemies within range, at a higher Nen cost."
PROPSKILL_TXT_150479,Also increases movement speed and Critical Chance.
PROPSKILL_TXT_150480,Also increases Critical Damage.
PROPSKILL_TXT_150481,"The knuckle damage increase is replaced with increased Casting Speed, at the cost of reduced Magical Power and PvP Damage."
PROPSKILL_TXT_150482,Further reduces Incoming Damage while meditating.
PROPSKILL_TXT_150483,Allows you to move slowly while meditating.
PROPSKILL_TXT_150484,Also attacks all enemies along the path and deals additional Bleeding damage.
PROPSKILL_TXT_150485,Also stuns the target on impact.
PROPSKILL_TXT_150486,"The skill's attack range is increased, but the rush distance is reduced."
PROPSKILL_TXT_150487,The explosion range is increased.
PROPSKILL_TXT_150488,The skill's damage is increased at the cost of additional HP consumption.
PROPSKILL_TXT_150489,Also knocks back enemies hit by the explosion.
PROPSKILL_TXT_150490,The skill's damage is increased.
PROPSKILL_TXT_150491,Also deals additional Bleeding damage to enemies hit by the skill.
PROPSKILL_TXT_150492,An additional whirlwind is created.
PROPSKILL_TXT_150493,Also reduces enemies' All Elements Resistance.
PROPSKILL_TXT_150494,"The whirlwind moves forward, launching enemies hit into the air."
PROPSKILL_TXT_150495,The follow-up strike's damage is increased further.
PROPSKILL_TXT_150496,The chance to knock the target down is increased.
PROPSKILL_TXT_150497,A successful follow-up strike also reduces the target's movement speed.
PROPSKILL_TXT_150498,Increases Critical Damage and Attack. The effect is refreshed while near the aura's caster. Only one aura can affect you at a time.
PROPSKILL_TXT_150499,Increases Critical Damage and Attack. The effect is refreshed while near the aura's caster. Only one aura can affect you at a time.
PROPSKILL_TXT_150500,Increases Defense and Incoming Healing. The effect is refreshed while near the aura's caster. Only one aura can affect you at a time.
PROPSKILL_TXT_150501,Increases Defense and Incoming Healing. The effect is refreshed while near the aura's caster. Only one aura can affect you at a time.
PROPSKILL_TXT_150502,Increases Critical Resistance and All Elements Resistance. The effect is refreshed while near the aura's caster. Only one aura can affect you at a time.
PROPSKILL_TXT_150503,Increases Critical Resistance and All Elements Resistance. The effect is refreshed while near the aura's caster. Only one aura can affect you at a time.
PROPSKILL_TXT_150504,Sacrifice
PROPSKILL_TXT_150505,"Consumes HP to grant party members a shield based on your current HP. If used while a hymn is active, the shield amount is increased by up to 15%."
PROPSKILL_TXT_150506,Meaning of Sacrifice
PROPSKILL_TXT_150507,Greater sacrifice for greater shields.
PROPSKILL_TXT_150508,Sacrifice of Sharing
PROPSKILL_TXT_150509,Also grants you a shield.
PROPSKILL_TXT_150510,Increased MP/FP Recovery
PROPSKILL_TXT_150511,Hammer of Judgement
PROPSKILL_TXT_150512,"Summon a hammer from the skies, dealing damage on impact and leaving behind an area that continues to damage enemies."
PROPSKILL_TXT_150513,Justice Hammer
PROPSKILL_TXT_150514,Sanctuary Area
PROPSKILL_TXT_150515,Entangling Roots
PROPSKILL_TXT_150516,Grasping Roots
PROPSKILL_TXT_150517,Stranglethorns
PROPSKILL_TXT_150518,Nature's Grasp
PROPSKILL_TXT_150519,"Fire a root in front of you, binding the first enemy hit in place. If the bound enemy is affected by Stone Pillar or Swampy Area, they are Petrified, increasing magic damage taken, reducing physical damage taken, and stunning them."
PROPSKILL_TXT_150520,Stigma I
PROPSKILL_TXT_150521,Deep Branding
PROPSKILL_TXT_150522,"Perform a swift piercing attack against a single target in a straight line, applying a Stigma stack. If the target has 5 Stigma stacks, the attack pierces through all enemies in its path."
PROPSKILL_TXT_150523,Stigma II
PROPSKILL_TXT_150524,Increased Targets
PROPSKILL_TXT_150525,"Unleash a chain of blades at your target, whirling around them to strike nearby enemies before leaping to other targets. Has a chance to apply a Stigma stack. If the target has 5 Stigma stacks, the strikes also gain Lifesteal."
PROPSKILL_TXT_150526,Stigma III
PROPSKILL_TXT_150527,"Slam both weapons down on your target, dealing damage to them and nearby enemies and applying a Stigma stack. If the target has 5 Stigma stacks, they are also immobilized and Silenced."
PROPSKILL_TXT_150528,Petrify
PROPSKILL_TXT_150529,"You are Immobilized. Physical damage taken is reduced, while magical damage taken is increased."
PROPSKILL_TXT_150530,Earthen Fortitude
PROPSKILL_TXT_150531,Petrifying an enemy with Entangling Roots reduces your Incoming Damage and increases your Melee Block.
PROPSKILL_TXT_150532,Stigma
PROPSKILL_TXT_150533,Steady Blade
PROPSKILL_TXT_150534,The Critical Chance penalty is reduced.
PROPSKILL_TXT_150535,Quick Conjuring
PROPSKILL_TXT_150536,Also increases your movement speed.
PROPSKILL_TXT_150537,Enemies hit by the aura also have a chance to be afflicted with Bleeding.
PROPSKILL_TXT_150538,The bonus damage against targets afflicted with Burn is increased.
PROPSKILL_TXT_150539,"Ignites your target, dealing damage and inflicting Burn. If the target is already afflicted with Burn, the skill deals reduced damage but stuns them. Enemies afflicted with Burn also damage nearby enemies, but do not spread Burn."
PROPSKILL_TXT_150540,The damage reduction against targets afflicted with Burn is reduced.
PROPSKILL_TXT_150541,"Encases you in ice, dealing damage to surrounding enemies and making you temporarily invulnerable. You cannot use items or skills while frozen."
PROPSKILL_TXT_150542,"Traps your target in a water bubble, dealing damage and draining their health to restore your own."
PROPSKILL_TXT_150543,The skill's Lifesteal is increased.
PROPSKILL_TXT_150544,"Conjure a gale around you, increasing your movement speed and damaging nearby enemies. While active, attacks have a chance to apply a Suffocate stack. At 5 stacks, the target is randomly stunned, put to sleep, or paralyzed."
PROPSKILL_TXT_150545,The chance to apply a Suffocate stack is increased.
PROPSKILL_TXT_150546,"You are suffocating. Once you reach 5 stacks, you will be put to sleep, stunned, or paralyzed at random."
PROPSKILL_TXT_150547,"Hurl a ball of lightning at your target that chains to nearby enemies. Enemies hit have a chance to be Shocked, reducing All Elements Resistance by 10%. Hits against Shocked targets always deal maximum damage."
PROPSKILL_TXT_150548,The chance to inflict Shock is increased.
PROPSKILL_TXT_150549,"Cast storm clouds over a targeted area, periodically striking enemies inside with lightning. Lightning strikes always inflict Shock, reducing All Elements Resistance by 10%. Strikes against Shocked targets deal maximum damage."
PROPSKILL_TXT_150550,Lightning strikes occur more frequently.
PROPSKILL_TXT_150551,"Disrupts the ground, summoning a stone pillar that damages nearby enemies and reduces their movement speed. When the pillar expires, it explodes, dealing additional damage to nearby enemies."
PROPSKILL_TXT_150552,"Creates a swamp at the targeted area, reducing the movement speed of enemies inside and dealing damage over time while they remain. Enemies inside the swamp cannot use movement skills."
PROPSKILL_TXT_150553,"Spawns a gust of wind that pushes back nearby enemies and increases Magic Resistance and Ranged Block."
PROPSKILL_TXT_150554,The root can pass through additional enemies.
PROPSKILL_TXT_150555,"The root explodes upon hitting an enemy, dealing damage with a chance to knock them down."
PROPSKILL_TXT_150556,Additional roots are fired in a cone in front of you.
PROPSKILL_TXT_150557,Increases your Fire Mastery.
PROPSKILL_TXT_150558,Increases your Water Mastery.
PROPSKILL_TXT_150559,Increases your Earth Mastery.
PROPSKILL_TXT_150560,Increases your Electricity Mastery.
PROPSKILL_TXT_150561,Increases your Wind Mastery.
PROPSKILL_TXT_150562,Reduces damage taken from enemies afflicted with Burn.
PROPSKILL_TXT_150563,Reduces damage taken from enemies affected by water skills.
PROPSKILL_TXT_150564,Reduces damage taken from enemies with Suffocate stacks.
PROPSKILL_TXT_150565,Reduces damage taken from Shocked enemies.
PROPSKILL_TXT_150566,"When an enemy is Petrified by Entangling Roots, your Incoming Damage is reduced and your Melee Block is increased for a short time."
PROPSKILL_TXT_150567,The debuff's success chance is increased.
PROPSKILL_TXT_150568,The slowing effect is increased.
PROPSKILL_TXT_150569,The chance to inflict Silence is increased.
PROPSKILL_TXT_150570,The transformation duration when fully charged is increased.
PROPSKILL_TXT_150571,The transformation chance when fully charged is increased to 100%.
PROPSKILL_TXT_150572,The charging time is reduced.
PROPSKILL_TXT_150573,Increases damage dealt to enemies for each Disable-type debuff affecting them.
PROPSKILL_TXT_150574,Increases damage dealt to enemies for each Weaken-type debuff affecting them.
PROPSKILL_TXT_150575,Reduces damage taken from enemies for each debuff affecting them.
PROPSKILL_TXT_150576,"When fully charged, target will be slept."
PROPSKILL_TXT_150577,"Unleash a blast of hellfire in a line in front of you, dealing damage over time and inflicting Burn on enemies along its path."
PROPSKILL_TXT_150578,The hymn's effects are increased.
PROPSKILL_TXT_150579,The skill's healing is increased.
PROPSKILL_TXT_150580,The skill also heals MP and FP on allies.
PROPSKILL_TXT_150581,Also grants temporary immunity to Stun.
PROPSKILL_TXT_150582,Also grants temporary immunity to damage-over-time effects.
PROPSKILL_TXT_150583,Also leaves behind a healing area.
PROPSKILL_TXT_150584,"The shield amount is increased, but more HP is consumed."
PROPSKILL_TXT_150585,Hurricane
PROPSKILL_TXT_150586,"The skill's maximum number of targets is increased, but its damage is reduced."
PROPSKILL_TXT_150587,Steadfast
PROPSKILL_TXT_150588,Also increases Critical Resistance.
PROPSKILL_TXT_150589,Hobble
PROPSKILL_TXT_150590,"Also reduces the target's movement speed. When used as a Nen-enhanced attack, the skill's cooldown is reduced."
PROPSKILL_TXT_150591,The aura's effects scale more strongly with Aura Effect.
PROPSKILL_TXT_150592,The maximum number of stacks is increased.
PROPSKILL_TXT_150593,Death's Rush
PROPSKILL_TXT_150594,The God of Death gazes upon you.
PROPSKILL_TXT_150595,Infusion
PROPSKILL_TXT_150596,"Infuses your elemental skills with your weapon's applied element, overriding their original element at the cost of reduced Attack."
PROPSKILL_TXT_150597,Intelligent Scaling
PROPSKILL_TXT_150598,"The skill's duration scales with INT instead of STA. Its duration is increased, its Attack penalty is reduced, and its casting time and MP cost are reduced."
PROPSKILL_TXT_150599,Harmony
PROPSKILL_TXT_150600,The skill's Attack penalty is reduced.
PROPSKILL_TXT_150601,Hasty Eruption
PROPSKILL_TXT_150602,The skill's duration is reduced.
PROPSKILL_TXT_150603,Deep Rift
PROPSKILL_TXT_150604,"The skill's damage scaling is increased, but the cooldown is also increased."
PROPSKILL_TXT_150605,"The skill's base damage is increased, but its damage scaling is reduced and its MP cost is increased."
PROPSKILL_TXT_150606,Blood Tithe
PROPSKILL_TXT_150607,The Lifesteal gained at 5 Stigma stacks is increased.
PROPSKILL_TXT_150608,Has a chance to apply an additional Stigma stack.
PROPSKILL_TXT_150609,Nen Release
PROPSKILL_TXT_150610,"Removes all Nen stacks, but temporarily reduces Asalraalaikum's damage."
PROPSKILL_TXT_150611,Divinecross
PROPSKILL_TXT_150612,"Curse your target with divine power, recording the highest damage they take while the effect is active. When the effect expires or the skill is re-cast, the curse deals damage equal to up to 75% of the recorded hit."
PROPSKILL_TXT_150613,Reckoning
PROPSKILL_TXT_150614,Duelist's Edge
PROPSKILL_TXT_150615,The skill's cooldown is reduced in PvP.
PROPSKILL_TXT_150616,"The replicated damage is increased, up to 100% of the recorded hit."
PROPSKILL_TXT_150617,First Player Level 190 Buff
PROPSKILL_TXT_150618,Enjoy Exp+15% until level 164!
PROPSKILL_TXT_150619,The stun duration is increased.
PROPSKILL_TXT_150620,Increases the target's damage.
PROPSKILL_TXT_150621,Strikes the enemy and drains HP based on the damage dealt.
PROPSKILL_TXT_150622,A ranged wind attack that may reduce the enemy's Attack Speed and Casting Speed.
PROPSKILL_TXT_150623,"Curses the enemy, immobilizing them with dark magic."
PROPSKILL_TXT_150624,Deals damage over time to enemies within the area.
PROPSKILL_TXT_150625,Burn Damage
PROPSKILL_TXT_150626,Lord's Cheer
PROPSKILL_TXT_150627,Increases the experience and drop rate for yourself or one target.
PROPSKILL_TXT_150628,Lord's Blessing
PROPSKILL_TXT_150629,Increases attack and defense for yourself or one target.
PROPSKILL_TXT_150630,Lord's Love
PROPSKILL_TXT_150631,Increases stats for yourself or one target.
PROPSKILL_TXT_150632,Lord's Shout
PROPSKILL_TXT_150633,Your shout text is colored in green.
PROPSKILL_TXT_150634,Lord's Anger
PROPSKILL_TXT_150635,
PROPSKILL_TXT_150636,Lord's Call
PROPSKILL_TXT_150637,Summon the specified player to yourself.
PROPSKILL_TXT_150638,Lord's Teleport
PROPSKILL_TXT_150639,Teleport to the specified player.
PROPSKILL_TXT_150640,Lord's Party
PROPSKILL_TXT_150641,Any party skills used by you have increased duration. This skill is permanently enabled.
PROPSKILL_TXT_100157,Overlap Damage
PROPSKILL_TXT_100158,Overlap burning effect increases with each hit and deals extra damage at full stacks.
PROPSKILL_TXT_100159,Pull Target
PROPSKILL_TXT_100160,"Pulled toward the caster, unable to move."
PROPSKILL_TXT_100161,Knock Back
PROPSKILL_TXT_100162,Struck by a powerful blow and knocked back.
PROPSKILL_TXT_100163,Burning Impact
PROPSKILL_TXT_100164,"Ignited by the fiery impact, taking burn damage."
PROPSKILL_TXT_100165,Toxic Impact
PROPSKILL_TXT_100166,"Poisoned by the toxic impact, taking periodic damage."
PROPSKILL_TXT_100167,Frost Impact
PROPSKILL_TXT_100168,"Slowed by the chilling impact, reducing movement and attack speed."
PROPSKILL_TXT_100169,Shock Impact
PROPSKILL_TXT_100170,"Struck by a powerful impact, taking additional fixed damage."
PROPSKILL_TXT_100171,Bleeding
PROPSKILL_TXT_100172,Taking continuous damage from bleeding wounds.
PROPSKILL_TXT_100173,Rampage
PROPSKILL_TXT_100174,"Enters a rampage state, increasing speed and attack power."
PROPSKILL_TXT_100175,Overlap Defense Break
PROPSKILL_TXT_100176,Overlap electric effect increases with each hit and lowers defense at full stacks.
PROPSKILL_TXT_100177,Defense Break
PROPSKILL_TXT_100178,Reduces target's defense and magic resistance.
PROPSKILL_TXT_100179,All Immunity
PROPSKILL_TXT_100180,Protects the monster from all debuffs.
PROPSKILL_TXT_100181,Slow
PROPSKILL_TXT_100182,Reduces the target's movement speed for a short time.
PROPSKILL_TXT_100183,Stun
PROPSKILL_TXT_100184,You are stunned and cannot move.
PROPSKILL_TXT_100185,Groggy Weakness
PROPSKILL_TXT_100186,"While groggy, the target receives increased damage from all attacks."
PROPSKILL_TXT_100187,Slow On Water
PROPSKILL_TXT_100188,Reduces movement speed while standing in water.
PROPSKILL_TXT_100189,Overlap Water Heal
PROPSKILL_TXT_100190,Restores HP over time while the target is in water. Healing increases with each stack of the effect.
PROPSKILL_TXT_100191,Gathering Energy
PROPSKILL_TXT_100192,Concentrates energy to greatly increase HP recovery for a short duration.
PROPSKILL_TXT_100193,Overlap Slow
PROPSKILL_TXT_100194,"Reduces movement speed, with the Slow effect becoming stronger as stacks increase."
PROPSKILL_TXT_100195,Overlap Freeze
PROPSKILL_TXT_100196,Applies a stacking chill effect that eventually freezes the target at full stacks.
PROPSKILL_TXT_100197,Freeze
PROPSKILL_TXT_100198,"Freezes the target, preventing movement and actions for a short duration."
PROPSKILL_TXT_100199,Max HP Reduction
PROPSKILL_TXT_100200,Reduces the target's maximum HP for a short duration.
PROPSKILL_TXT_100201,Grabbed by Tentacle
PROPSKILL_TXT_100202,"The target is restrained by a tentacle, unable to move and taking continuous damage."
PROPSKILL_TXT_100203,Stun
PROPSKILL_TXT_100204,You are stunned and cannot move.
PROPSKILL_TXT_100205,Sand Shield
PROPSKILL_TXT_100206,Incoming damage is reduced to 1 for 5 seconds.
PROPSKILL_TXT_150642,Wave Defense Buff
PROPSKILL_TXT_150643,"Reinforced by your fellow defenders. Increases Attack, Speed, Defense, and Max HP based on the number of defenders present."
